ABF1;HIS7
ABF1;NOP12
ABF1;ACS1
ABF1;SLA1
ABF1;NGR1
ABF1;BSD2
ABF1;MSS116
ABF1;LPD1
ABF1;NUP57
ABF1;RPA12
ABF1;BYE1
ABF1;MRP49
ABF1;NOB1
ABF1;THP3
ABF1;NOP1
ABF1;GCD6
ABF1;FCY2
ABF1;UTP25
ABF1;DBP2
ABF1;BUD21
RLM1;PST1
RLM1;CWP1
RLM1;RPA34
RLM1;SFG1
ARG80;ARG1
ARG80;ARG5,6
ARG80;ARG3
ARG80;HSP104
ARG80;ARG8
ARG80;YOR302W
ARG80;CPA1
ARG81;ARG1
ARG81;YDL176W
ARG81;ARG5,6
ARG81;ARG3
ARG81;ARG8
ARG81;YOR302W
ARG81;CPA1
ASH1;HO
ASH1;PHO89
ASH1;PST1
BAS1;GCV3
BAS1;PHO5
BAS1;HIS4
BAS1;MET6
BAS1;ADE5,7
BAS1;YCH1
BAS1;ARN1
BAS1;CFD1
BAS1;ADE16
BAS1;SHM2
BAS1;PHO84
BAS1;ADE4
BAS1;ADE2
BAS1;FLC2
BAS1;BDH1
BAS1;YDR018C
BAS1;YFT2
BAS1;ADE8
BAS1;GLY1
BAS1;IES5
BAS1;SNZ3
BAS1;SNO3
BAS1;CDC20
BAS1;STR3
BAS1;PSD2
BAS1;QCR9
BAS1;ADE3
BAS1;HOP1
BAS1;GSH1
BAS1;YKL177W
BAS1;JEN1
BAS1;MNL2
BAS1;CAT2
BAS1;HSC82
BAS1;SPG5
BAS1;YMR244W
BAS1;IDP3
BAS1;YOL024W
BAS1;CTF19
BAS1;VTC3
BAS1;GRS2
BAS1;BDH2
BAS1;URA2
BAS1;CIS1
BAS1;ATG33
BAS1;CUP9
CAT8;DIC1
CAT8;MDH2
CAT8;ADH2
CBF1;PHM6
CBF1;VTC4
CBF1;SNA3
CBF1;VTC3
CBF1;TFC3
CBF1;EFB1
CBF1;SSA1
CBF1;ERP2
CBF1;CYS3
CBF1;CYC3
CBF1;GDH3
CBF1;YBL036C
CBF1;PRS4
CBF1;YBL086C
CBF1;IPP1
CBF1;YBR012C
CBF1;MUM2
CBF1;NHP6B
CBF1;TIM12
CBF1;RAD16
CBF1;ADH5
CBF1;PCS60
CBF1;TDP1
CBF1;YBR225W
CBF1;RIB5
CBF1;YBR287W
CBF1;YCL042W
CBF1;PDI1
CBF1;OCA4
CBF1;RDS1
CBF1;RMD1
CBF1;PTC1
CBF1;RPN4
CBF1;YDL023C
CBF1;RPS16B
CBF1;QRI7
CBF1;ATG20
CBF1;YFH1
CBF1;GLT1
CBF1;PRR2
CBF1;HBT1
CBF1;WHI4
CBF1;NTH1
CBF1;TRP1
CBF1;NRG1
CBF1;BAP3
CBF1;HEM12
CBF1;CDC34
CBF1;PST1
CBF1;YDR061W
CBF1;SEC7
CBF1;RNH202
CBF1;MHR1
CBF1;SUR2
CBF1;NCB2
CBF1;PDR15
CBF1;THI74
CBF1;APT2
CBF1;SAM2
CBF1;EMI1
CBF1;GRX2
CBF1;RIP1
CBF1;YEL025C
CBF1;IES6
CBF1;YEL045C
CBF1;GLY1
CBF1;YEL073C
CBF1;MNN1
CBF1;SPC25
CBF1;GPA2
CBF1;SAH1
CBF1;ERG28
CBF1;HOM3
CBF1;PIC2
CBF1;FCY2
CBF1;PET117
CBF1;ICL1
CBF1;VTC1
CBF1;YER079W
CBF1;MET6
CBF1;IES5
CBF1;GLE2
CBF1;SPR6
CBF1;YCK3
CBF1;RSP5
CBF1;BMH1
CBF1;YER188W
CBF1;SEC4
CBF1;LPD1
CBF1;EPL1
CBF1;HAC1
CBF1;YFL032W
CBF1;AQY3
CBF1;GCN20
CBF1;YFR018C
CBF1;FAB1
CBF1;PTR3
CBF1;QCR6
CBF1;YFR054C
CBF1;OLE1
CBF1;SNF4
CBF1;MET13
CBF1;TIP20
CBF1;RTG2
CBF1;IMO32
CBF1;GSC2
CBF1;ERG25
CBF1;YGR079W
CBF1;CLD1
CBF1;DAM1
CBF1;SPT6
CBF1;YGR127W
CBF1;YGR130C
CBF1;RTS3
CBF1;ENO1
CBF1;SCW4
CBF1;OSH7
CBF1;MAS2
CBF1;YHR033W
CBF1;SFB3
CBF1;YHR112C
CBF1;APE4
CBF1;SPL2
CBF1;VID28
CBF1;YKE4
CBF1;PFK26
CBF1;HIS5
CBF1;PRM5
CBF1;RPI1
CBF1;MET28
CBF1;YAP5
CBF1;PRE3
CBF1;TIM54
CBF1;SRS2
CBF1;GSH1
CBF1;NCA3
CBF1;YJL118W
CBF1;TIM17
CBF1;FBP26
CBF1;CIS3
CBF1;QCR8
CBF1;SET2
CBF1;TDH2
CBF1;MET3
CBF1;APS2
CBF1;YJR114W
CBF1;IML1
CBF1;HMS2
CBF1;DAL5
CBF1;MET14
CBF1;LAC1
CBF1;ATP7
CBF1;HAP4
CBF1;TGL1
CBF1;VPS1
CBF1;DYN1
CBF1;BET3
CBF1;UBP11
CBF1;SIR1
CBF1;DNM1
CBF1;DRS1
CBF1;COX17
CBF1;YLL020C
CBF1;YCT1
CBF1;YLL056C
CBF1;GAL2
CBF1;RRN5
CBF1;PUT1
CBF1;YLR149C
CBF1;ASP3-1
CBF1;YLR156W
CBF1;ASP3-2
CBF1;YLR157C-B
CBF1;YLR173W
CBF1;RCK2
CBF1;YEF3
CBF1;HAP1
CBF1;GSY2
CBF1;YLR280C
CBF1;ECM38
CBF1;EXG1
CBF1;YLR302C
CBF1;AFG2
CBF1;VIP1
CBF1;YML018C
CBF1;VAN1
CBF1;CDC5
CBF1;MVP1
CBF1;PKR1
CBF1;RRB1
CBF1;YMR194C-A
CBF1;YMR196W
CBF1;VTI1
CBF1;SKY1
CBF1;YMR254C
CBF1;TDA1
CBF1;FET4
CBF1;YMR320W
CBF1;NCE103
CBF1;IDH1
CBF1;TPM1
CBF1;APP1
CBF1;YNL095C
CBF1;MDG1
CBF1;RPS3
CBF1;PPN2
CBF1;POP1
CBF1;CSL4
CBF1;SIP3
CBF1;CAF120
CBF1;POP3
CBF1;AAD14
CBF1;THI12
CBF1;CIT1
CBF1;PHO91
CBF1;BRE5
CBF1;PLB3
CBF1;HTZ1
CBF1;PKH2
CBF1;MDY2
CBF1;AAD15
CBF1;ALG6
CBF1;HIR2
CBF1;CKB2
CBF1;VHS3
CBF1;YNG1
CBF1;CYT1
CBF1;YVC1
CBF1;KTR1
CBF1;ARP8
CBF1;SEY1
CBF1;STE4
CBF1;WTM2
CBF1;WTM1
CBF1;RPT4
CBF1;GCD1
CBF1;VPH1
CBF1;MPD1
CBF1;YOR289W
CBF1;YOR314W
CBF1;FAA1
CBF1;TYE7
CBF1;HAT1
CBF1;CTF19
CBF1;LGE1
CBF1;HTC1
CBF1;OYE3
CBF1;FLC1
CBF1;ATG41
CBF1;BBP1
CBF1;SAM3
CBF1;YPR064W
CBF1;ASA1
CBF1;SUA7
CBF1;RPL11A
CBF1;PRE2
CBF1;NUT2
CBF1;YPR195C
CBF1;MET30
CIN5;ERV15
CIN5;RPL35A
CIN5;NHP2
CIN5;AIM7
CIN5;URA4
CIN5;GIM5
CIN5;MRPL33
CIN5;UTP23
CIN5;HSP10
CIN5;HTA2
CIN5;RPL19B
CIN5;YBL028C
CIN5;ALG14
CIN5;ATP16
CIN5;TIM11
CIN5;SMT3
CIN5;SBH2
CIN5;CAJ1
CIN5;ALD5
CIN5;LEU1
CIN5;RPS25A
CIN5;POP6
CIN5;RPS23A
CIN5;TRX2
CIN5;TIM10
CIN5;RPL27A
CIN5;RPS21B
CIN5;RPL43B
CIN5;STE6
CIN5;COX12
CIN5;RPS28B
CIN5;UBC12
CIN5;RPS25B
CIN5;YNL146W
CIN5;RPS3
CIN5;ZEO1
CIN5;MDH2
CIN5;CSS3
CIN5;RDL1
CIN5;SNC2
CIN5;GDH1
CIN5;RPL33A
CIN5;POC4
CIN5;DAP1
DAL81;UGA1
DAL81;FUI1
DAL81;OPT1
DAL81;ACO1
DAL81;DIP5
FKH1;SWI5
FKH1;FKH2
FKH1;CLB2
FKH1;VMA6
FKH1;MTW1
FKH1;YBL029W
FKH1;RPS8A
FKH1;RPL32
FKH1;TEF2
FKH1;RPB5
FKH1;MTC4
FKH1;VAC17
FKH1;ELO2
FKH1;CSM1
FKH1;RPS29B
FKH1;RPL35B
FKH1;RPL41A
FKH1;NHP2
FKH1;YDR042C
FKH1;PHM6
FKH1;RPL12B
FKH1;RPS17B
FKH1;RPL27B
FKH1;TRS31
FKH1;RPL37B
FKH1;RPL12A
FKH1;PIC2
FKH1;ARG5,6
FKH1;RPL23B
FKH1;DSE1
FKH1;RPS26B
FKH1;MMS2
FKH1;YGK1
FKH1;RPL28
FKH1;RPS2
FKH1;RPL1B
FKH1;RPL9A
FKH1;AIM14
FKH1;ZRT1
FKH1;RPL26B
FKH1;RPL14B
FKH1;RPL8A
FKH1;RPS27B
FKH1;RPS24B
FKH1;RPL16A
FKH1;IKS1
FKH1;NET1
FKH1;YJL118W
FKH1;RPS21B
FKH1;RPA34
FKH1;DAS1
FKH1;RPL17B
FKH1;RPL39
FKH1;RPS22A
FKH1;RPS14B
FKH1;RPS5
FKH1;RPS4A
FKH1;MRT4
FKH1;RPS27A
FKH1;JEN1
FKH1;DYN1
FKH1;RPS21A
FKH1;RPL40B
FKH1;RPL8B
FKH1;CMS1
FKH1;RPL15A
FKH1;RPL22A
FKH1;BMT6
FKH1;STM1
FKH1;RPL37A
FKH1;PNP1
FKH1;CLB4
FKH1;RPS28B
FKH1;RPS25B
FKH1;RPL26A
FKH1;ELO3
FKH1;RPL31B
FKH1;RPS1A
FKH1;RPL6B
FKH1;FPR4
FKH1;RPS17A
FKH1;RPS18B
FKH1;SML1
FKH1;RPS1B
FKH1;RPL6A
FKH1;SPC24
FKH1;RPL36A
FKH1;GAS3
FKH1;RPS10B
FKH1;RPL20A
FKH1;HAS1
FKH1;YNL043C
FKH1;YIP3
FKH1;RPL9B
FKH1;RPS7B
FKH1;DBP2
FKH1;YGP1
FKH1;RPL42A
FKH1;RPS3
FKH1;SUI1
FKH1;RPS19B
FKH1;NOG2
FKH1;ARG1
FKH1;ZEO1
FKH1;RPL18A
FKH1;RPS19A
FKH1;RPL25
FKH1;YNG1
FKH1;RKI1
FKH1;RPS7A
FKH1;RPS28A
FKH1;SLK19
FKH1;RPL33B
FKH1;DFR1
FKH1;RPS10A
FKH1;NOP58
FKH1;RPL20B
FKH1;RPA43
FKH1;RPS12
FKH1;RPL21B
FKH1;RPS9A
FKH1;HOS3
FKH1;RPL5
FKH1;FRK1
FKH1;SAR1
FKH1;RPL1A
FKH1;VMA13
FKH1;RPS23B
GAL4;GAL1
GAL4;HMRA1
GAL4;MZM1
GAT1;GAT1
GAT1;GAP1
GAT1;TRS23
GAT1;UBC8
GAT1;SPL2
GAT1;XBP1
GCN4;RPL19B
GCN4;RPS11B
GCN4;GDH2
GCN4;PTC2
GCN4;YBP2
GCN4;BAT1
GCN4;DAL1
GCN4;DAL5
GCN4;ATP7
GCN4;ILV5
GCN4;RPS3
GCN4;HIS3
GCN4;MCT1
GCN4;RAX1
GCN4;FLO1
GCN4;ECM13
GCN4;YBL044W
GCN4;COR1
GCN4;YRO2
GCN4;MUM2
GCN4;BAP2
GCN4;YBR085C-A
GCN4;YMC2
GCN4;CYC8
GCN4;RAD16
GCN4;YBR144C
GCN4;TOS1
GCN4;YSY6
GCN4;RSA4
GCN4;GPM2
GCN4;MCH1
GCN4;MSH5
GCN4;UGA3
GCN4;ASF2
GCN4;YDR034W-B
GCN4;RAD55
GCN4;TVP23
GCN4;YDR112W
GCN4;ECM18
GCN4;CSN9
GCN4;AHA1
GCN4;PRP28
GCN4;VHS1
GCN4;HSP78
GCN4;VPS60
GCN4;GNP1
GCN4;SMT3
GCN4;EMI1
GCN4;GRX2
GCN4;HSP31
GCN4;GLC3
GCN4;IES6
GCN4;CIN8
GCN4;MNN1
GCN4;RPS24A
GCN4;YER085C
GCN4;TOG1
GCN4;PUG1
GCN4;FRS2
GCN4;CAF16
GCN4;IGD1
GCN4;MET10
GCN4;IRC7
GCN4;LEU1
GCN4;YGL024W
GCN4;YGL118C
GCN4;GPG1
GCN4;MET13
GCN4;MRF1
GCN4;STR3
GCN4;VID30
GCN4;YGR067C
GCN4;ASK10
GCN4;TFG1
GCN4;TDH3
GCN4;YHR020W
GCN4;MYO1
GCN4;TRM5
GCN4;LSM12
GCN4;YIL067C
GCN4;PRM5
GCN4;YAP5
GCN4;RPC17
GCN4;EXO70
GCN4;YJL086C
GCN4;RPA34
GCN4;PEX2
GCN4;NNF1
GCN4;YJR146W
GCN4;FBA1
GCN4;CTK1
GCN4;COY1
GCN4;LOS1
GCN4;MRS4
GCN4;PCK1
GCN4;ORC3
GCN4;SPO75
GCN4;DRS1
GCN4;COX17
GCN4;ISA1
GCN4;RAD5
GCN4;FRE8
GCN4;MLO50
GCN4;NCW2
GCN4;PDR8
GCN4;BOP2
GCN4;TMA10
GCN4;TAL1
GCN4;ATG33
GCN4;AEP1
GCN4;KAR5
GCN4;HFD1
GCN4;GID8
GCN4;GAT2
GCN4;PSO2
GCN4;CIN4
GCN4;MRPS17
GCN4;GCV2
GCN4;YMR194C-A
GCN4;ICY1
GCN4;YMR196W
GCN4;GAD1
GCN4;DSS1
GCN4;MRP7
GCN4;IDH1
GCN4;AQR1
GCN4;MET4
GCN4;NAF1
GCN4;ESBP6
GCN4;CPT1
GCN4;AAH1
GCN4;MRPL19
GCN4;STB1
GCN4;TRM11
GCN4;RGS2
GCN4;LEU9
GCN4;INP53
GCN4;TFC7
GCN4;DSE3
GCN4;ISW2
GCN4;ALD6
GCN4;NOG1
GCN4;KAR9
GCN4;ATH1
GCN4;NUT2
GCN4;FLO11
GCN4;YAL064W
GCN4;YAR064W
GCN4;RIB1
GCN4;SSE2
GCN4;ABD1
GCN4;GPD1
GCN4;VAM6
GCN4;FMP45
GCN4;HBT1
GCN4;SED1
GCN4;TFB5
GCN4;ARP10
GCN4;AMD2
GCN4;CTS2
GCN4;ARO10
GCN4;ATO3
GCN4;SNX41
GCN4;DLD3
GCN4;YAT2
GCN4;PHM8
GCN4;PIC2
GCN4;RGI1
GCN4;GYP8
GCN4;AGA2
GCN4;TOS8
GCN4;PDC6
GCN4;CTT1
GCN4;CLD1
GCN4;YGR125W
GCN4;YPP1
GCN4;MGA1
GCN4;YOR1
GCN4;RPL14B
GCN4;YSC84
GCN4;AAP1
GCN4;RGI2
GCN4;LYS12
GCN4;IST3
GCN4;MHO1
GCN4;RAD26
GCN4;TAH11
GCN4;MNS1
GCN4;MIF2
GCN4;PIR3
GCN4;SRY1
GCN4;ECM9
GCN4;GLG1
GCN4;PRP19
GCN4;UBI4
GCN4;YCT1
GCN4;YLL058W
GCN4;IZH3
GCN4;ZRT2
GCN4;RPM2
GCN4;SPO20
GCN4;SPG4
GCN4;DDR48
GCN4;PDR16
GCN4;BIO5
GCN4;BIO3
GCN4;DDR2
GCN4;DIA2
GCN4;CRC1
GCN4;DCS2
GCN4;GSP2
GCN4;YOR186W
GCN4;SAM3
GCN4;ATS1
GCN4;YAT1
GCN4;GPR1
GCN4;PEX7
GCN4;TLG1
GCN4;SPG3
GCN4;YFL064C
GCN4;VAM7
GCN4;MPS2
GCN4;SSC1
GCN4;YLR462W
GCN4;YML133C
GCN4;INP52
GCN4;HST1
GCN4;TYE7
GCN4;COX5B
GCN4;SHH3
GCN4;YOR289W
GCN4;PET117
GCN4;ECM11
GCN4;YDR476C
GCN4;PAU17
GCN4;PEX25
GCN4;MDL2
GCN4;MSB4
GCN4;NCR1
GCN4;RRI1
GCN4;DUG1
GCN4;LEU2
GLN3;UGA2
GLN3;BAT2
GLN3;GAP1
GLN3;GDH1
GLN3;SNR190
GLN3;YAR053W
GLN3;ADH7
GLN3;UBX3
GLN3;ATC1
GLN3;GNP1
GLN3;GAT1
GLN3;RBG2
GLN3;RPS20
GLN3;DUR3
GLN3;ARG4
GLN3;NMD3
GLN3;DAL3
GLN3;YJL022W
GLN3;RPA34
GLN3;LHS1
GLN3;APE1
GLN3;COY1
GLN3;RIX7
GLN3;ARG1
GLN3;ZEO1
GLN3;YOL160W
GLN3;RAS1
GLN3;YOR102W
GLN3;GLN1
GLN3;CAR1
GZF3;GAT1
HAP1;CYC1
HAP1;ROX1
HAP1;OLE1
HAP1;HAP1
HAP1;HMG1
HAP1;MOT3
HAP1;ARE2
HAP1;PLN1
HAP1;ERG8
HSF1;SSA1
HSF1;FES1
HSF1;RPN4
HSF1;HSP42
HSF1;AHA1
HSF1;HSP78
HSF1;MDJ1
HSF1;BTN2
HSF1;RTS3
HSF1;HSP104
HSF1;CPR6
HSF1;HSP60
HSF1;HSC82
HSF1;SIS1
HSF1;YDJ1
HSF1;HCH1
HSF1;HSP10
HSF1;STI1
HSF1;MBF1
HSF1;SSE1
HSF1;CUR1
HSF1;ECL1
HSF1;DAL7
HSF1;UBI4
HSF1;TSL1
HSF1;RTP1
HSF1;HOR7
HSF1;YNL134C
HSF1;BUB3
HSF1;TIP41
HSF1;TIP1
HSF1;GPH1
INO2;PHO5
INO2;INO1
INO2;YAT1
INO2;CDS1
INO2;EHT1
INO2;PDI1
INO2;BPH1
INO2;DLD1
INO2;BAP3
INO2;HXT3
INO2;HAT2
INO2;AFG3
INO2;HSP12
INO2;MDJ1
INO2;PYC1
INO2;MON1
INO2;ZRT1
INO2;MSB2
INO2;GSC2
INO2;CHO2
INO2;RTS3
INO2;RAD2
INO2;MRP4
INO2;OPI1
INO2;ECM29
INO2;HTD2
INO2;EPT1
INO2;IMD2
INO2;PDR11
INO2;PRY1
INO2;OPI3
INO2;FAS1
INO2;CKI1
INO2;UPS2
INO2;SEC61
INO2;HSC82
INO2;CPT1
INO2;PSD1
INO2;ZWF1
INO2;ACC1
INO2;RPP2A
INO2;BDS1
INO2;AUS1
INO2;HST3
INO2;PDR5
INO2;MGM1
INO2;MCH5
INO2;SKS1
INO2;MF(ALPHA)1
INO2;FAS2
INO2;ADR1
INO2;ATP2
INO2;CLN3
INO2;HXT2
INO2;MDM38
INO2;PAU3
INO2;POR1
INO2;SKN1
INO2;AQY2
INO2;GUT2
INO2;KAP95
IXR1;COX5B
IXR1;HEM13
IXR1;TIR1
IXR1;IXR1
IXR1;YAL064W
IXR1;POP8
IXR1;YBL029W
IXR1;PET9
IXR1;FLR1
IXR1;MPH2
IXR1;SSS1
IXR1;PIC2
IXR1;SER3
IXR1;GSY1
IXR1;YGL117W
IXR1;SOL4
IXR1;SCW4
IXR1;HXT5
IXR1;RPI1
IXR1;MPH3
IXR1;PRI2
IXR1;YKR075C
IXR1;ECM4
IXR1;PUS5
IXR1;GSY2
IXR1;LSM7
IXR1;AHC1
IXR1;HST3
IXR1;RSB1
IXR1;YAR053W
IXR1;HAP3
IXR1;FUI1
IXR1;YBR016W
IXR1;ICS2
IXR1;BAP3
IXR1;SED1
IXR1;MTH1
IXR1;SPO73
IXR1;YER152C
IXR1;GAT1
IXR1;LAM5
IXR1;IGD1
IXR1;MIG1
IXR1;ZRT1
IXR1;CTT1
IXR1;RNR4
IXR1;CRH1
IXR1;RIM101
IXR1;CPR2
IXR1;NMD3
IXR1;YHR210C
IXR1;QDR2
IXR1;CSS1
IXR1;ICS3
IXR1;REE1
IXR1;DAN4
IXR1;MSN4
IXR1;MBR1
IXR1;RPT1
IXR1;PRY2
IXR1;YKR040C
IXR1;MRS4
IXR1;PTR2
IXR1;SUL2
IXR1;YLR112W
IXR1;TMA10
IXR1;YLR339C
IXR1;YLR374C
IXR1;CLU1
IXR1;SPO20
IXR1;GID8
IXR1;YMR135W-A
IXR1;YMR194C-A
IXR1;HOR7
IXR1;YMR315W
IXR1;AQR1
IXR1;LEU4
IXR1;YNL234W
IXR1;YNR077C
IXR1;DDR2
IXR1;HPF1
IXR1;AUS1
IXR1;HMS1
IXR1;YOR062C
IXR1;CRC1
IXR1;THI72
IXR1;YOR302W
IXR1;FAA1
IXR1;PYK2
IXR1;PUT4
IXR1;SAM3
IXR1;YPR015C
IXR1;GLN1
IXR1;YLR297W
IXR1;SET4
IXR1;NRE1
IXR1;YAL064W-B
IXR1;SIT1
IXR1;ADY2
IXR1;YGR126W
IXR1;SUE1
MAC1;HNM1
MAC1;CTR1
MAC1;YIL102C
MBP1;CDC45
MBP1;RNR1
MBP1;SVS1
MBP1;RFA1
MBP1;HTB2
MBP1;HTA2
MBP1;ALG14
MBP1;YBR071W
MBP1;MCD1
MBP1;ATP16
MBP1;DUN1
MBP1;HO
MBP1;ENA1
MBP1;DIN7
MBP1;GIC2
MBP1;YHP1
MBP1;PLM2
MBP1;RAD51
MBP1;DSE1
MBP1;RSP5
MBP1;QCR6
MBP1;CLB6
MBP1;RNR4
MBP1;TOS2
MBP1;CHS7
MBP1;SKG6
MBP1;YJL045W
MBP1;ELO1
MBP1;CAP1
MBP1;CWP2
MBP1;RAD27
MBP1;MLO50
MBP1;YLR297W
MBP1;EXG1
MBP1;FKS1
MBP1;TAL1
MBP1;DIF1
MBP1;CUE4
MBP1;PLB2
MBP1;SPT21
MBP1;CLN1
MBP1;NIS1
MBP1;WSC2
MBP1;PCL1
MBP1;RFA2
MBP1;NRM1
MBP1;ESC8
MBP1;SRL1
MBP1;YOR248W
MBP1;CIP1
MBP1;HST2
MBP1;LCL1
MBP1;MOT1
MBP1;RRD2
MBP1;CIN2
MBP1;ACM1
MBP1;PLC1
MBP1;YPR174C
MBP1;DPB2
MCM1;PFK26
MCM1;ARG1
MCM1;CIP1
MCM1;SWI4
MCM1;ROX3
MCM1;TIP1
MCM1;POP7
MCM1;KAR4
MCM1;MRH1
MCM1;SWI5
MCM1;RVB1
MCM1;YDR210C-D
MCM1;MET32
MCM1;DPL1
MCM1;MFA1
MCM1;GLC7
MCM1;SPI1
MCM1;BUR6
MCM1;HSP12
MCM1;STE2
MCM1;GYP8
MCM1;CAF16
MCM1;PMA1
MCM1;UFD1
MCM1;PAC10
MCM1;YGR126W
MCM1;SKN1
MCM1;YHL008C
MCM1;YAP3
MCM1;SNF6
MCM1;BAR1
MCM1;RCI37
MCM1;POG1
MCM1;NCA3
MCM1;RPA34
MCM1;NFU1
MCM1;MTR2
MCM1;RPL15A
MCM1;ZRT2
MCM1;TRM12
MCM1;YML053C
MCM1;YML119W
MCM1;NDI1
MCM1;EIS1
MCM1;ABF2
MCM1;RPL15B
MCM1;PKR1
MCM1;RPL36A
MCM1;MFA2
MCM1;YGP1
MCM1;YNL190W
MCM1;CSL4
MCM1;PLB3
MCM1;DDL1
MCM1;ASE1
MCM1;ARF3
MCM1;RPA43
MCM1;YOR342C
MCM1;TYE7
MCM1;FDH1
MCM1;FDH2
MCM1;YPL276W
MCM1;RPN7
MCM1;ARO9
MET31;MET17
MET31;CYS3
MET31;GAL1
MET31;CDC50
MET31;RAD59
MET31;YDL109C
MET31;VMS1
MET31;RSM28
MET31;RPL37B
MET31;PLM2
MET31;RMD6
MET31;YEL073C
MET31;TMA20
MET31;MET6
MET31;YER091C-A
MET31;IES5
MET31;SCC4
MET31;PTR3
MET31;ERG4
MET31;RPL1B
MET31;FZF1
MET31;ZRT1
MET31;RPL14B
MET31;RPS20
MET31;MUP3
MET31;LAM1
MET31;EGD2
MET31;BNA3
MET31;NUP82
MET31;RPS14B
MET31;OPT1
MET31;MRT4
MET31;SPO75
MET31;IRC19
MET31;RIX7
MET31;YLR035C-A
MET31;SEN2
MET31;SAM1
MET31;MRPL24
MET31;RPL36A
MET31;CHS1
MET31;CAF120
MET31;LYS9
MET31;RPS19A
MET31;MET16
MET31;PDC6
MET32;MUP1
MET32;MET14
MET32;MET17
MET32;SAM2
MET32;MET2
MET32;CYS3
MET32;PHO89
MET32;RAD59
MET32;RMD6
MET32;MET6
MET32;SPL2
MET32;MET3
MET32;SAM1
MET32;SEO1
MET32;CYS4
MIG1;GAL1
MIG1;TPK1
MIG1;SUC2
MIG1;SOR2
MIG1;APT2
MIG1;PCM1
MIG1;HXT13
MIG1;YIL171W
MIG1;IMA3
MIG1;MAL62
MIG1;FBP1
MIG1;GAL4
MIG1;MAL61
MIG1;MAL63
MIG1;MIG1
MIG1;HXK2
MIG1;FPS1
MIG1;HXT2
MIG2;GAL1
MIG2;SUC2
MOT3;ERG2
MOT3;ERG6
MOT3;YBR012C
MOT3;HXT15
MOT3;ZRT1
MOT3;FLO11
MOT3;HXT16
MOT3;SOR1
MOT3;IDH1
MOT3;SFG1
MOT3;HEM13
MOT3;ANB1
MSN2;TIP1
MSN2;ECM33
MSN2;TEC1
MSN2;AGP1
MSN2;GIC2
MSN2;PHM8
MSN2;CTT1
MSN2;BTN2
MSN2;ECL1
MSN2;RGI2
MSN2;MSN4
MSN2;CWP2
MSN2;ERG3
MSN2;AHP1
MSN2;CCW12
MSN2;NCW1
MSN2;NCE103
MSN2;RPS3
MSN2;ACC1
MSN2;RGS2
MSN2;YOR302W
MSN2;CPA1
MSN2;YOR342C
MSN2;ISU1
MSN2;HSP82
MSN2;ROX1
MSN2;HSP12
MSN2;EFB1
MSN2;CDC19
MSN2;CYC3
MSN2;BDH2
MSN2;YAT1
MSN2;HTB2
MSN2;HTA2
MSN2;ACH1
MSN2;FUI1
MSN2;COR1
MSN2;GAL1
MSN2;YRO2
MSN2;SND3
MSN2;CKS1
MSN2;TOS1
MSN2;YSY6
MSN2;DUR1,2
MSN2;GPX2
MSN2;STP22
MSN2;HIS4
MSN2;CIT2
MSN2;PGK1
MSN2;PMP1
MSN2;CPR4
MSN2;CSM1
MSN2;KNH1
MSN2;PSA1
MSN2;GLT1
MSN2;PAR32
MSN2;LYS20
MSN2;MRH1
MSN2;KRS1
MSN2;BAP3
MSN2;PST1
MSN2;SED1
MSN2;ARO1
MSN2;CPR1
MSN2;YDR222W
MSN2;HTB1
MSN2;HTA1
MSN2;CTA1
MSN2;TRP4
MSN2;ATO3
MSN2;HKR1
MSN2;APT2
MSN2;PHO8
MSN2;GNP1
MSN2;PMP2
MSN2;GLY1
MSN2;CAN1
MSN2;MNN1
MSN2;PMI40
MSN2;PRP22
MSN2;ACA1
MSN2;YER053C-A
MSN2;HIS1
MSN2;FCY2
MSN2;VHR2
MSN2;ALD5
MSN2;MET6
MSN2;COM2
MSN2;FTR1
MSN2;PET122
MSN2;BUR6
MSN2;VTC2
MSN2;MDJ1
MSN2;GAT1
MSN2;EPL1
MSN2;AGX1
MSN2;HAC1
MSN2;GSY1
MSN2;PHO4
MSN2;OSW7
MSN2;IRC7
MSN2;ERG26
MSN2;RPN14
MSN2;LEU1
MSN2;ERG4
MSN2;SCW11
MSN2;OLE1
MSN2;SDS23
MSN2;PYC1
MSN2;ARO2
MSN2;MIG2
MSN2;SAP4
MSN2;ZRT1
MSN2;MSB2
MSN2;YGR035C
MSN2;NQM1
MSN2;MUP1
MSN2;ERG25
MSN2;YGR067C
MSN2;CLB1
MSN2;MEP1
MSN2;TPO2
MSN2;GPC1
MSN2;CYS4
MSN2;CHO2
MSN2;RTS3
MSN2;RNR4
MSN2;CRH1
MSN2;YCH1
MSN2;ADE3
MSN2;ZPR1
MSN2;YHB1
MSN2;PFK1
MSN2;MPC3
MSN2;ENO1
MSN2;GND2
MSN2;PXR1
MSN2;WSC4
MSN2;HXT1
MSN2;HXT5
MSN2;SPL2
MSN2;SPS100
MSN2;SKG6
MSN2;PEX28
MSN2;LIN1
MSN2;MNL1
MSN2;PHO12
MSN2;TIR3
MSN2;GPP1
MSN2;SGA1
MSN2;YIL102C
MSN2;HIS5
MSN2;POG1
MSN2;SIM1
MSN2;YJL045W
MSN2;UBX6
MSN2;NET1
MSN2;PRY1
MSN2;ARG3
MSN2;URA2
MSN2;LCB3
MSN2;RPA34
MSN2;INO1
MSN2;CIS3
MSN2;ACO2
MSN2;REE1
MSN2;ILV3
MSN2;CYC1
MSN2;BUD4
MSN2;CPA2
MSN2;RPS4A
MSN2;MET14
MSN2;NFU1
MSN2;PHD1
MSN2;FBA1
MSN2;SRX1
MSN2;CWP1
MSN2;OAC1
MSN2;PGM1
MSN2;GPM1
MSN2;MCD4
MSN2;FAS1
MSN2;ASH1
MSN2;STE6
MSN2;GAP1
MSN2;TFA2
MSN2;SSA2
MSN2;UBI4
MSN2;YCT1
MSN2;AAT2
MSN2;SPT8
MSN2;BUD20
MSN2;ERG27
MSN2;SHH4
MSN2;UPS2
MSN2;NCW2
MSN2;GSY2
MSN2;BOP2
MSN2;CTS1
MSN2;EXG1
MSN2;MET17
MSN2;FKS1
MSN2;ILV5
MSN2;RPL31B
MSN2;PUN1
MSN2;GLO1
MSN2;ERG6
MSN2;YOX1
MSN2;SUR7
MSN2;HMG1
MSN2;PLB1
MSN2;ERG5
MSN2;CCS1
MSN2;FET3
MSN2;YMR086C-A
MSN2;ILV2
MSN2;NDE1
MSN2;YMR173W-A
MSN2;HSC82
MSN2;CLN1
MSN2;ERG2
MSN2;PFK2
MSN2;YHM2
MSN2;FAA4
MSN2;HAS1
MSN2;LCB1
MSN2;SCW10
MSN2;GAS1
MSN2;ADH6
MSN2;SIS1
MSN2;HHF2
MSN2;YNL035C
MSN2;AQR1
MSN2;TCB2
MSN2;CPT1
MSN2;CHS1
MSN2;PDR16
MSN2;ZWF1
MSN2;WSC2
MSN2;PCL1
MSN2;EGT2
MSN2;LYS9
MSN2;DSE4
MSN2;YOL019W
MSN2;TAT2
MSN2;DDR2
MSN2;IRA2
MSN2;NDJ1
MSN2;ZEO1
MSN2;HPF1
MSN2;HMS1
MSN2;RPL3
MSN2;PDR5
MSN2;ODC2
MSN2;ENV9
MSN2;SRL1
MSN2;FSF1
MSN2;SFG1
MSN2;MYO2
MSN2;TYE7
MSN2;GDH1
MSN2;YOR385W
MSN2;RMI1
MSN2;SKS1
MSN2;ALD6
MSN2;PEX25
MSN2;HOS3
MSN2;IDI1
MSN2;PRM4
MSN2;FLC1
MSN2;FAS2
MSN2;ATG41
MSN2;RPA135
MSN2;GLN1
MSN2;YPR063C
MSN2;MEP3
MSN2;TDA6
MSN2;KRE6
MSN2;YAR010C
MSN2;ECM15
MSN2;SSA3
MSN2;HSP26
MSN2;PGI1
MSN2;SUL1
MSN2;LEU2
MSN2;BSC1
MSN2;HBT1
MSN2;SSB1
MSN2;YDR133C
MSN2;NUM1
MSN2;HXT3
MSN2;HPT1
MSN2;PUF6
MSN2;ITR1
MSN2;RBA50
MSN2;HLR1
MSN2;POL5
MSN2;RNR1
MSN2;STE2
MSN2;MET10
MSN2;PMA1
MSN2;PUS2
MSN2;SCS3
MSN2;ADE6
MSN2;VHT1
MSN2;VMR1
MSN2;YHL041W
MSN2;ERG11
MSN2;CUP1-1
MSN2;CUP1-2
MSN2;OYE2
MSN2;GND1
MSN2;YHR214W
MSN2;IMD2
MSN2;TAO3
MSN2;CSS1
MSN2;DAL4
MSN2;LYS1
MSN2;SNA3
MSN2;HXT8
MSN2;SPC1
MSN2;MET3
MSN2;MET5
MSN2;MAE1
MSN2;NUP120
MSN2;HOT13
MSN2;UTH1
MSN2;YKR075C
MSN2;RPF2
MSN2;PCK1
MSN2;SAM1
MSN2;YEF3
MSN2;YLR280C
MSN2;IMD4
MSN2;YML089C
MSN2;HXT2
MSN2;YMR013W-A
MSN2;BUD22
MSN2;SOK2
MSN2;ADE17
MSN2;PBI2
MSN2;RPL9B
MSN2;DBP2
MSN2;MLS1
MSN2;AAH1
MSN2;MFA2
MSN2;YNL276C
MSN2;TOS6
MSN2;YNL337W
MSN2;ATO2
MSN2;BIO5
MSN2;BIO4
MSN2;BIO3
MSN2;YNR077C
MSN2;ARG1
MSN2;SHR5
MSN2;ETT1
MSN2;PNO1
MSN2;HIS3
MSN2;YOR203W
MSN2;DED1
MSN2;SNC2
MSN2;PDR10
MSN2;RPS12
MSN2;PMA2
MSN2;GRE1
MSN2;CSR2
MSN2;VMA13
MSN2;TIP41
MSN2;ASN1
MSN2;YDR341C
MSN2;TEF4
MSN2;SSK22
MSN2;RPL18A
MSN2;SHB17
MSN2;BNA4
MSN2;RCF2
MSN2;BIO2
MSN2;MEP2
MSN2;TDH2
MSN2;SAM2
MSN2;HOM3
MSN2;YMR304C-A
MSN2;SUN4
MSN2;LYS12
MSN2;LYS4
MSN2;FLC2
MSN2;RPL4B
MSN2;GCN4
MSN4;PHM8
MSN4;HSP26
MSN4;SRD1
MSN4;LYS20
MSN4;AFR1
MSN4;IZH1
MSN4;SSA4
MSN4;OLE1
MSN4;GSC2
MSN4;CTT1
MSN4;BTN2
MSN4;CBP2
MSN4;YHR033W
MSN4;NEL1
MSN4;RTC3
MSN4;VTH1
MSN4;SSA2
MSN4;SHH4
MSN4;LST8
MSN4;SIS1
MSN4;APJ1
MSN4;ZWF1
MSN4;DDR2
MSN4;PRP46
MSN4;RAD53
MSN4;CDC19
MSN4;CYC3
MSN4;YAR010C
MSN4;YAT1
MSN4;ACH1
MSN4;URA7
MSN4;SSA3
MSN4;GAL1
MSN4;YRO2
MSN4;TIP1
MSN4;FES1
MSN4;CKS1
MSN4;SUL1
MSN4;CIT2
MSN4;CPR4
MSN4;CSM1
MSN4;YCR102C
MSN4;NOP1
MSN4;BSC1
MSN4;KNH1
MSN4;GLT1
MSN4;HBT1
MSN4;GAL3
MSN4;CDC34
MSN4;CPR1
MSN4;RPP2B
MSN4;HPT1
MSN4;PUF6
MSN4;RBA50
MSN4;STL1
MSN4;GLY1
MSN4;AFG3
MSN4;FCY2
MSN4;ICL1
MSN4;ALD5
MSN4;MET6
MSN4;HSP12
MSN4;MDJ1
MSN4;FRS2
MSN4;HAC1
MSN4;YFR018C
MSN4;PHO4
MSN4;PYC1
MSN4;PUS2
MSN4;SCS3
MSN4;POX1
MSN4;MSB2
MSN4;YGR035C
MSN4;YGR067C
MSN4;PDC6
MSN4;TPO2
MSN4;ECL1
MSN4;NSR1
MSN4;YCH1
MSN4;ZPR1
MSN4;MPC3
MSN4;SNF6
MSN4;WSC4
MSN4;YHL041W
MSN4;CUP1-1
MSN4;CUP1-2
MSN4;HXT5
MSN4;MPC2
MSN4;OYE2
MSN4;IMD2
MSN4;RPL34B
MSN4;GPP1
MSN4;RGI2
MSN4;SGA1
MSN4;TAO3
MSN4;YJL045W
MSN4;PRY3
MSN4;PRY1
MSN4;NCA3
MSN4;RPA34
MSN4;SNA3
MSN4;INO1
MSN4;ELO1
MSN4;HXT8
MSN4;MET3
MSN4;TAH11
MSN4;MET5
MSN4;MAE1
MSN4;PHD1
MSN4;DEF1
MSN4;NUP120
MSN4;CWP2
MSN4;GPM1
MSN4;CNB1
MSN4;URA1
MSN4;UTH1
MSN4;TFA2
MSN4;YKR075C
MSN4;PCK1
MSN4;UBI4
MSN4;YCT1
MSN4;SPT8
MSN4;IDP2
MSN4;YLR280C
MSN4;EXG1
MSN4;FKS1
MSN4;YML045W
MSN4;PLB1
MSN4;HXT2
MSN4;YMR013W-A
MSN4;BUD22
MSN4;SOK2
MSN4;HSC82
MSN4;SCS7
MSN4;LCB1
MSN4;PBI2
MSN4;NCE103
MSN4;YDJ1
MSN4;AQR1
MSN4;DBP2
MSN4;MLS1
MSN4;AAH1
MSN4;NRD1
MSN4;YNL276C
MSN4;ATO2
MSN4;PLB3
MSN4;BRX1
MSN4;IRA2
MSN4;ZEO1
MSN4;SHR5
MSN4;HMS1
MSN4;LPX1
MSN4;YVC1
MSN4;RKI1
MSN4;PDR5
MSN4;DED1
MSN4;FSF1
MSN4;SFG1
MSN4;MYO2
MSN4;SNC2
MSN4;PDR10
MSN4;RPS12
MSN4;ALD6
MSN4;CAR1
MSN4;ISU1
MSN4;PRM4
MSN4;GUP2
MSN4;CET1
MSN4;YAR1
MSN4;HSP82
MSN4;CSR2
MSN4;VMA13
MSN4;TIP41
MSN4;YPR063C
NDT80;SMK1
NDT80;YOL050C
NDT80;TIP1
NDT80;BAP2
NDT80;TAT1
NDT80;TEF2
NDT80;AMN1
NDT80;SSH1
NDT80;RPS13
NDT80;SND1
NDT80;YDR274C
NDT80;HXT3
NDT80;VPS74
NDT80;ARB1
NDT80;HIS1
NDT80;FCY21
NDT80;FTR1
NDT80;YGL039W
NDT80;OLE1
NDT80;RPL28
NDT80;RPL1B
NDT80;ASN2
NDT80;YGR176W
NDT80;RPS0A
NDT80;PXR1
NDT80;YHR020W
NDT80;DMA1
NDT80;EGD2
NDT80;BAT1
NDT80;YIL108W
NDT80;RPL16A
NDT80;RPL17B
NDT80;SUI2
NDT80;ANB1
NDT80;RPS4A
NDT80;YKL030W
NDT80;TMA19
NDT80;TOA2
NDT80;UTH1
NDT80;SOF1
NDT80;PDC1
NDT80;RPS0B
NDT80;ERG3
NDT80;BUD20
NDT80;MAP1
NDT80;CDC3
NDT80;GAS2
NDT80;RPL26A
NDT80;ORM2
NDT80;ILV5
NDT80;ELO3
NDT80;CSR1
NDT80;CCW14
NDT80;VMA6
NDT80;YML018C
NDT80;URA5
NDT80;ZDS2
NDT80;PGA3
NDT80;ERG13
NDT80;HXT2
NDT80;ERG5
NDT80;SEC14
NDT80;STO1
NDT80;NDE1
NDT80;ELP6
NDT80;AQR1
NDT80;RPL16B
NDT80;NAF1
NDT80;SRP1
NDT80;ALG9
NDT80;NRD1
NDT80;LYP1
NDT80;RPL18B
NDT80;EGT2
NDT80;IZH2
NDT80;TAT2
NDT80;DIS3
NDT80;GPD2
NDT80;ADH1
NDT80;YPQ1
NDT80;IZH4
NDT80;TRM13
NDT80;MDH2
NDT80;PFK27
NDT80;CDC33
NDT80;ARG8
NDT80;AAD15
NDT80;ALG6
NDT80;RTS1
NDT80;RPL3
NDT80;RKI1
NDT80;ENV9
NDT80;SEC63
NDT80;MCH5
NDT80;RPA43
NDT80;GDS1
NDT80;SSU1
NDT80;NAN1
NDT80;PPQ1
NDT80;RTT10
NDT80;NEW1
NDT80;DIM1
NDT80;SAM3
NDT80;YPR002C-A
NDT80;YPR011C
NDT80;YPR012W
NDT80;MCM4
NDT80;PUF2
NDT80;NVJ2
NRG1;STA1
NRG1;HIS6
NRG1;SUC2
NRG1;PHO11
NRG1;GAL7
NRG1;GAL10
NRG1;GAL1
NRG1;ENA1
NRG1;RSM10
NRG1;HXT6
NRG1;SHC1
NRG1;GSY1
NRG1;YHR033W
NRG1;FMC1
NRG1;SGA1
NRG1;XBP1
NRG1;RPI1
NRG1;PRY3
NRG1;ELO1
NRG1;NDE1
NRG1;AQR1
NRG1;FRE4
NRG1;RSB1
NRG1;IDH2
OAF1;CTA1
OAF1;IZH4
OAF1;PRB1
OAF1;YAP1
OAF1;SPO20
OAF1;SCS7
OAF1;FAA1
OAF1;GLC3
OAF1;ATG34
PHO2;ADE5,7
PHO2;ADE2
PHO2;AAD3
PHO2;ADE3
PHO2;FMP33
PHO2;SFT1
PHO2;APE1
PHO2;TYE7
PIP2;CTA1
PIP2;SRP14
PIP2;RSM10
PIP2;RUB1
PIP2;RPS26B
PIP2;RNR4
PIP2;YMR193C-A
PIP2;PYP1
PIP2;YNL184C
PIP2;MDH2
PIP2;PSF3
PIP2;RRP36
PIP2;GLC3
PIP2;RPS24B
PIP2;YIL100W
PIP2;RPA34
PUT3;BAT2
PUT3;GND2
PUT3;FCF2
PUT3;ATX1
PUT3;SFG1
PUT3;FIT3
RAP1;ROX3
RAP1;VID24
RAP1;BIK1
RAP1;SRB8
RAP1;PAU3
RAP1;CDC48
RAP1;RPL41B
RAP1;SND1
RAP1;GIC2
RAP1;YEL023C
RAP1;HAT2
RAP1;BUD27
RAP1;QCR6
RAP1;IRC5
RAP1;RAD2
RAP1;OCA5
RAP1;YHR214C-B
RAP1;MET30
RAP1;QDR2
RAP1;DAL7
RAP1;PRY1
RAP1;CYC1
RAP1;MDH1
RAP1;NNR2
RAP1;PAU18
RAP1;RPL15A
RAP1;CCW12
RAP1;YLR162W
RAP1;IDP2
RAP1;CMG1
RAP1;DUS3
RAP1;PAU4
RAP1;SUR7
RAP1;BUD22
RAP1;SPO20
RAP1;RPS16A
RAP1;PET111
RAP1;RPL9B
RAP1;ALF1
RAP1;RPS3
RAP1;POP3
RAP1;RTG1
RAP1;BSC6
RAP1;PAU20
RAP1;HMS1
RAP1;SRL1
RAP1;YOR302W
RAP1;FAA1
RAP1;ALD4
RAP1;LGE1
RAP1;POC4
RAP1;NSL1
RAP1;TIP41
RAP1;TDA8
RAP1;YAL064W
RAP1;PAU8
RAP1;YAT1
RAP1;PRE7
RAP1;ECM13
RAP1;YBL109W
RAP1;EDS1
RAP1;PDX3
RAP1;TEC1
RAP1;HMLALPHA2
RAP1;BPH1
RAP1;HMRA2
RAP1;HMRA1
RAP1;YDL032W
RAP1;SLM3
RAP1;ARF1
RAP1;FAL1
RAP1;BAP3
RAP1;MSS116
RAP1;SSF2
RAP1;YDR391C
RAP1;SPT3
RAP1;YDR541C
RAP1;PAU10
RAP1;URA3
RAP1;YEL043W
RAP1;GLY1
RAP1;HMF1
RAP1;PTC2
RAP1;IES1
RAP1;HSP12
RAP1;MIL1
RAP1;YPI1
RAP1;RPN11
RAP1;HXK1
RAP1;OLE1
RAP1;SDS23
RAP1;YGL177W
RAP1;COX4
RAP1;YGL188C
RAP1;OST5
RAP1;COS12
RAP1;PRP31
RAP1;ASK10
RAP1;YGR117C
RAP1;BTN2
RAP1;CHO2
RAP1;RTS3
RAP1;YHB1
RAP1;SCW4
RAP1;PXR1
RAP1;DUR3
RAP1;PAU13
RAP1;ECM12
RAP1;PCL5
RAP1;EPT1
RAP1;FAF1
RAP1;ASF1
RAP1;NCA3
RAP1;RPA34
RAP1;YJL206C
RAP1;YJL218W
RAP1;IME1
RAP1;IBA57
RAP1;DAN4
RAP1;SFT1
RAP1;UFD4
RAP1;ATP7
RAP1;HCS1
RAP1;TFA1
RAP1;YKL033W-A
RAP1;PRI2
RAP1;MSN4
RAP1;CWP2
RAP1;HAP4
RAP1;APE2
RAP1;FAS1
RAP1;UBA1
RAP1;UTH1
RAP1;KNS1
RAP1;YLL066C
RAP1;YLL067C
RAP1;BUD20
RAP1;GIS3
RAP1;YLR112W
RAP1;PUT1
RAP1;SAM1
RAP1;YLR280C
RAP1;YLR334C
RAP1;YLR463C
RAP1;YLR465C
RAP1;YRF1-5
RAP1;YML053C
RAP1;SEC59
RAP1;SPG4
RAP1;ASC1
RAP1;GAT2
RAP1;FKH2
RAP1;PGA1
RAP1;RHO5
RAP1;DUG3
RAP1;RAP1
RAP1;PPN2
RAP1;ALP1
RAP1;FPK1
RAP1;YOL029C
RAP1;NOP12
RAP1;DDR2
RAP1;MCH4
RAP1;SPT20
RAP1;TIR4
RAP1;AHC1
RAP1;CYT1
RAP1;ULS1
RAP1;YOR292C
RAP1;CPA1
RAP1;SFG1
RAP1;YOR338W
RAP1;MSC6
RAP1;FDH1
RAP1;LEE1
RAP1;COX11
RAP1;YPL136W
RAP1;GUP2
RAP1;FLC1
RAP1;YPL229W
RAP1;FAS2
RAP1;HAA1
RAP1;YAP1
REB1;REB1
REB1;SPB1
REB1;BUD27
REB1;PXR1
REB1;YLR162W
REB1;HES1
REB1;YDR029W
REB1;RIX7
REB1;YLR171W
REB1;RRP36
REB1;MAK16
REB1;ENP2
REB1;BUD21
RFX1;YDL129W
RFX1;SND1
RFX1;STE14
RFX1;RNR4
RFX1;RNR3
RFX1;ARG3
RFX1;LCB3
RFX1;YEH1
RFX1;SUR7
RFX1;YMR279C
RFX1;AMF1
RFX1;GUP2
RFX1;YPR015C
RFX1;RNR2
RFX1;SMF3
RFX1;MMT1
RFX1;FSH3
RGT1;HXT3
RGT1;HXK2
RGT1;HXT1
RGT1;HXT2
RGT1;TIM10
RGT1;YNL146W
RGT1;HXT4
RIM101;SMP1
RIM101;NRG1
RIM101;PRB1
RIM101;RIM8
RIM101;MNN14
RIM101;YOR389W
RIM101;YPL277C
RIM101;PEX34
RIM101;REG1
RIM101;ZIP1
RIM101;PRP3
RIM101;RSC8
RIM101;ERJ5
RIM101;NNF2
RIM101;CCM1
RIM101;RPF1
RIM101;PRP21
RIM101;CAF4
RIM101;SOF1
RIM101;RIX7
RIM101;YPS3
RIM101;VPS9
RIM101;ATR1
RIM101;HOT1
RIM101;DDR48
RIM101;YMR173W-A
RIM101;PAP2
RIM101;MCH5
RIM101;ROX1
ROX1;HEM13
ROX1;CYC7
ROX1;COX5B
ROX1;ANB1
ROX1;IXR1
ROX1;ROX1
ROX1;YAR028W
ROX1;HXT15
ROX1;MSS4
ROX1;UTR2
ROX1;YHB1
ROX1;YHK8
ROX1;RPI1
ROX1;HXT9
ROX1;HAP4
ROX1;SMF3
ROX1;YMR135W-A
ROX1;FET4
ROX1;PCL1
ROX1;EGT2
ROX1;SFG1
ROX1;CMR3
ROX1;RPN7
ROX1;LAC1
RPH1;PHR1
RPH1;RNR2
RPH1;STP4
RPH1;ADH7
RPH1;YDR154C
RPH1;YJL067W
RPH1;YJL068C
RPH1;RIX7
SKN7;CCP1
SKN7;AHP1
SKN7;GPX2
SKN7;PSA1
SKN7;LYS20
SKN7;CPR1
SKN7;CHC1
SKN7;CTT1
SKN7;RPL27A
SKN7;FLO11
SKN7;GSH1
SKN7;LAC1
SKN7;PRI2
SKN7;CUE4
SKN7;FET4
SKN7;MFA2
SKN7;YNL146W
SKN7;MDH2
SKN7;ZPS1
SKN7;VTC3
SKO1;GPD1
SKO1;SED1
SKO1;YPR1
SKO1;FMP48
SKO1;THI4
SKO1;MPC3
SKO1;MGA1
SKO1;YHR033W
SKO1;HXT1
SKO1;HXT5
SKO1;PRM10
SKO1;CWP1
SKO1;AHP1
SKO1;YML131W
SKO1;SPO20
SKO1;SOL1
SKO1;GRE2
SKO1;YRO2
SKO1;ECM2
SKO1;CSH1
SKO1;POF1
SKO1;BSC1
SKO1;SFA1
SKO1;FSH1
SKO1;HXT12
SKO1;EXG1
SKO1;MOT3
SKO1;NDE1
SKO1;RKR1
SKO1;FRE4
SKO1;YNR061C
SKO1;PFK27
SKO1;HXT11
SKO1;ISU1
SKO1;HAL1
STE12;FIG1
STE12;FUS1
STE12;MSB2
STE12;FLO11
STE12;MCH2
STE12;AGA1
STE12;YAT1
STE12;TEC1
STE12;RNQ1
STE12;KAR4
STE12;VBA3
STE12;ABP1
STE12;FIG2
STE12;PSA1
STE12;PCL2
STE12;YHP1
STE12;STE2
STE12;PUS2
STE12;SUT1
STE12;MCY1
STE12;KSS1
STE12;RNR4
STE12;ERG11
STE12;GIC1
STE12;STE12
STE12;CST6
STE12;PRK1
STE12;ASG7
STE12;YKL097C
STE12;FRE2
STE12;TGL4
STE12;ADY4
STE12;KAR5
STE12;VTI1
STE12;FUS2
STE12;RSN1
STE12;YGP1
STE12;NDJ1
STE12;SRL1
STE12;PRM3
STE12;SUT2
STE12;FMP23
STE12;YBR190W
STE12;MRH1
STE12;SNF11
STE12;GIP2
STE12;AVT6
STE12;CDC14
STE12;PTR3
STE12;RRT5
STE12;YFR035C
STE12;YGL034C
STE12;HOS2
STE12;POX1
STE12;YGR050C
STE12;YCH1
STE12;SNF6
STE12;YHK8
STE12;PCL5
STE12;YHR145C
STE12;YIL054W
STE12;SNX4
STE12;UFO1
STE12;YMR057C
STE12;SUN4
STE12;HRP1
STE12;YOR082C
STE12;YPL080C
STE12;ATG41
SUM1;TNA1
SUM1;BNA2
SUM1;SMK1
SUM1;FIG1
SUM1;YSW1
SUM1;DTR1
SUM1;SPS22
SUM1;YDR042C
SUM1;PHM6
SUM1;SPS2
SUM1;SPS1
SUM1;HXT10
SUM1;YFL040W
SUM1;PES4
SUM1;RRT5
SUM1;YGL138C
SUM1;SPO74
SUM1;SPR3
SUM1;RAD2
SUM1;SSP1
SUM1;PFS1
SUM1;DAL1
SUM1;IRC18
SUM1;LOH1
SUM1;YJL043W
SUM1;BNA1
SUM1;YJR079W
SUM1;YKL177W
SUM1;STE3
SUM1;YKR015C
SUM1;DAL80
SUM1;SPO75
SUM1;SRL2
SUM1;CRR1
SUM1;CDA1
SUM1;GAS2
SUM1;SPS18
SUM1;HXT14
SUM1;YOL024W
SUM1;TPT1
SUM1;YOL162W
SUM1;AUS1
SUM1;NRT1
SUM1;YOR072W
SUM1;OSW1
SUM1;SPS4
SUM1;YOR314W
SUM1;YOR365C
SUM1;YOR366W
SUM1;SPO19
SWI4;GIN4
SWI4;SNA2
SWI4;ELO1
SWI4;PLB3
SWI4;AMF1
SWI4;CAR1
SWI4;YRF1-7
SWI4;CLN3
SWI4;YBL111C
SWI4;ALG14
SWI4;AGP1
SWI4;STP4
SWI4;MHR1
SWI4;PLM2
SWI4;YEL075C
SWI4;NOP16
SWI4;SWI4
SWI4;YER189W
SWI4;YRF1-2
SWI4;HSP12
SWI4;YFL064C
SWI4;IGD1
SWI4;MSB2
SWI4;BUD9
SWI4;CLD1
SWI4;TPO2
SWI4;YGR139W
SWI4;SOL4
SWI4;RIE1
SWI4;COS6
SWI4;COS8
SWI4;YHL049C
SWI4;SKG6
SWI4;YHR218W
SWI4;YHR219W
SWI4;QDR2
SWI4;HXT12
SWI4;PRY1
SWI4;YJL225C
SWI4;LAC1
SWI4;APE1
SWI4;GFA1
SWI4;UTH1
SWI4;PTR2
SWI4;YLL066C
SWI4;YLL067C
SWI4;YPS1
SWI4;YPS3
SWI4;ECM38
SWI4;YLR462W
SWI4;YRF1-4
SWI4;YRF1-5
SWI4;TSL1
SWI4;CUE4
SWI4;COS3
SWI4;YML133C
SWI4;SPO20
SWI4;GAT2
SWI4;PSO2
SWI4;SPT21
SWI4;PSE1
SWI4;SUN4
SWI4;CHS1
SWI4;PTH4
SWI4;HXT11
SWI4;NDD1
SWI4;NUD1
SWI4;PAU21
SWI4;SKS1
SWI5;DSE1
SWI5;SCW11
SWI5;DSE2
SWI5;BAR1
SWI5;CTS1
SWI5;YNL146W
TEC1;FLO11
TEC1;PHO5
TEC1;YBR209W
TEC1;FUS1
TEC1;STP4
TEC1;PCL2
TEC1;SED1
TEC1;YDR274C
TEC1;SPS2
TEC1;HSP12
TEC1;HXK1
TEC1;AGA2
TEC1;TIP20
TEC1;MSB2
TEC1;RPS25A
TEC1;KSS1
TEC1;ERG25
TEC1;QCR9
TEC1;TOS2
TEC1;CDC6
TEC1;RPL43B
TEC1;RPL14A
TEC1;YJU2
TEC1;YKL097C
TEC1;BPT1
TEC1;AQY2
TEC1;YLR463C
TEC1;YLR465C
TEC1;SPO20
TEC1;ARG80
TEC1;KAR5
TEC1;FUS2
TEC1;VAC7
TEC1;POR1
TEC1;NAF1
TEC1;MFA2
TEC1;YGP1
TEC1;PHM7
TEC1;WSC3
TEC1;SWI1
TEC1;DAP1
UGA3;UGA1
UME6;ATG8
UME6;ADY2
UME6;IME4
UME6;SPO13
UME6;ATG32
UME6;SIP4
UME6;INO1
UME6;ACS1
UME6;PRX1
UME6;YBR184W
UME6;YBR284W
UME6;AGP1
UME6;PRD1
UME6;YCR061W
UME6;UGA4
UME6;ARO3
UME6;PST1
UME6;MEI4
UME6;DMC1
UME6;GAT1
UME6;IGD1
UME6;STR3
UME6;HFM1
UME6;YGR067C
UME6;SAE3
UME6;SPL2
UME6;SPO16
UME6;ULP2
UME6;YIL032C
UME6;BCY1
UME6;ICE2
UME6;UTP25
UME6;NDC80
UME6;PAN6
UME6;GAT4
UME6;VLD1
UME6;MEF2
UME6;GSM1
UME6;FOX2
UME6;RRT7
UME6;UBI4
UME6;RNP1
UME6;KIN2
UME6;RED1
UME6;CTS1
UME6;YLR297W
UME6;NKP2
UME6;DIF1
UME6;CAR2
UME6;CAT2
UME6;YET2
UME6;PDS5
UME6;SRT1
UME6;ICY1
UME6;GPI12
UME6;TDA1
UME6;PRC1
UME6;PGA2
UME6;NDJ1
UME6;YOL131W
UME6;CRC1
UME6;YOR338W
UME6;IRC15
UME6;CSM4
UME6;YIG1
UME6;SUE1
UME6;IME2
XBP1;CYS3
XBP1;CLN3
XBP1;TMA17
XBP1;SLH1
XBP1;CLN2
XBP1;RPA135
YAP1;PDR3
YAP1;FLR1
YAP1;FRM2
YAP1;TRX2
YAP1;SOD1
YAP1;CCP1
YAP1;GTT2
YAP1;TSA1
YAP1;ATR1
YAP1;AFT2
YAP1;GCV3
YAP1;ADE1
YAP1;UTP20
YAP1;ALK2
YAP1;HEK2
YAP1;RIB1
YAP1;TOD6
YAP1;BNA4
YAP1;NTH2
YAP1;RCR1
YAP1;UGA2
YAP1;HHT1
YAP1;YRO2
YAP1;HSP26
YAP1;YBR099C
YAP1;YBR116C
YAP1;TKL2
YAP1;YBR238C
YAP1;YBR241C
YAP1;GPX2
YAP1;YCR018C-A
YAP1;MAK32
YAP1;FEN2
YAP1;PWP2
YAP1;YCR102C
YAP1;PRM7
YAP1;STP4
YAP1;YDL071C
YAP1;BPL1
YAP1;CRD1
YAP1;SFA1
YAP1;LYS20
YAP1;SNQ2
YAP1;RPL4B
YAP1;PSF1
YAP1;ENA1
YAP1;RSM10
YAP1;RPS13
YAP1;SED1
YAP1;YCF1
YAP1;CSN9
YAP1;HSP78
YAP1;YAP6
YAP1;EXG2
YAP1;SUR2
YAP1;PMT7
YAP1;SRB7
YAP1;BCP1
YAP1;SEM1
YAP1;HPT1
YAP1;TSA2
YAP1;PFA5
YAP1;MFA1
YAP1;PUF6
YAP1;RPL37B
YAP1;PLM2
YAP1;HSP31
YAP1;FIT1
YAP1;YEL045C
YAP1;GLY1
YAP1;RMD6
YAP1;ERG28
YAP1;FCY22
YAP1;RGI1
YAP1;ICP55
YAP1;YER079W
YAP1;DSE1
YAP1;HSP12
YAP1;STE2
YAP1;AAD6
YAP1;AAD16
YAP1;IGD1
YAP1;ROG3
YAP1;YGL114W
YAP1;SNF4
YAP1;YGL117W
YAP1;CWC23
YAP1;RPL1B
YAP1;MRM2
YAP1;ARO8
YAP1;VID30
YAP1;ADE5,7
YAP1;SEC9
YAP1;NMA2
YAP1;YGR011W
YAP1;NQM1
YAP1;ERG25
YAP1;YGR079W
YAP1;NOP7
YAP1;CLB1
YAP1;RPS23A
YAP1;TDH3
YAP1;YHB1
YAP1;SOL4
YAP1;GND2
YAP1;WSC4
YAP1;SOD2
YAP1;ARG4
YAP1;AAP1
YAP1;CIC1
YAP1;HXT5
YAP1;DBP8
YAP1;NMD3
YAP1;STB5
YAP1;OYE2
YAP1;AIM19
YAP1;UTP25
YAP1;SDL1
YAP1;YIL168W
YAP1;MRPL49
YAP1;SAP185
YAP1;CHS6
YAP1;LSB6
YAP1;GSH1
YAP1;ADO1
YAP1;CPA2
YAP1;RPS5
YAP1;RAM2
YAP1;MAE1
YAP1;YKL066W
YAP1;LTV1
YAP1;FRE2
YAP1;MRS4
YAP1;RHO4
YAP1;DRE2
YAP1;MTD1
YAP1;RPF2
YAP1;SRP40
YAP1;POM33
YAP1;HSP104
YAP1;YLL058W
YAP1;YLL059C
YAP1;NOC3
YAP1;BUD20
YAP1;RPL10
YAP1;FMP25
YAP1;SEN2
YAP1;REX3
YAP1;YLR108C
YAP1;AHP1
YAP1;PCD1
YAP1;TFS1
YAP1;UTP13
YAP1;IFH1
YAP1;YLR252W
YAP1;YLR255C
YAP1;MET17
YAP1;RPS22B
YAP1;TSR2
YAP1;LSM3
YAP1;MRPL4
YAP1;YLR460C
YAP1;YAP1
YAP1;USA1
YAP1;TEM1
YAP1;VAN1
YAP1;GTR1
YAP1;ERO1
YAP1;YML131W
YAP1;COS3
YAP1;CCS1
YAP1;YMR090W
YAP1;SNZ1
YAP1;YPK2
YAP1;DDR48
YAP1;YMR173W-A
YAP1;RPS10B
YAP1;FAA4
YAP1;TCB2
YAP1;YNL134C
YAP1;FPR1
YAP1;YGP1
YAP1;PDR16
YAP1;PRM1
YAP1;EGO4
YAP1;CMK2
YAP1;DDR2
YAP1;ARG1
YAP1;PHM7
YAP1;PAP2
YAP1;MSN1
YAP1;RRI2
YAP1;MCH4
YAP1;GRE2
YAP1;FRE7
YAP1;PET127
YAP1;ETT1
YAP1;TMA46
YAP1;CMR2
YAP1;ADE2
YAP1;PNS1
YAP1;SER1
YAP1;THI72
YAP1;ISU2
YAP1;DFR1
YAP1;DSE3
YAP1;RDL1
YAP1;SFG1
YAP1;RET3
YAP1;OYE3
YAP1;UIP4
YAP1;HSP82
YAP1;YPR002C-A
YAP1;MSF1
YAP1;TAH18
YAP1;YPR063C
YAP1;YPR064W
YAP1;ROX1
YAP1;ASR1
YAP1;CLB2
YAP1;TDA6
YAP1;ATG15
YAP1;ARR3
YAP1;FLO11
YAP1;ARO9
FKH2;VMA6
FKH2;FRT2
FKH2;CHS2
FKH2;TMA17
FKH2;SMF2
FKH2;LAC1
FKH2;RAX2
FKH2;YLR302C
FKH2;SPO77
FKH2;DIF1
FKH2;SUR7
FKH2;YNL046W
FKH2;YGP1
FKH2;WSC2
FKH2;SPO19
FKH2;VMA13
MET4;MET14
MET4;MET6
MET4;GND2
MET4;HHF2
SFL1;STA1
SFL1;YFR054C
SFL1;AQY2
SFL1;FLO11
PDR1;RPN4
PDR1;BI4
PDR1;VAR1
PDR1;FUN26
PDR1;NUP60
PDR1;YBL028C
PDR1;RPL23A
PDR1;YBL109W
PDR1;YBL111C
PDR1;YBL112C
PDR1;YBL113C
PDR1;ATP3
PDR1;FIG1
PDR1;MUM2
PDR1;KCC4
PDR1;EMC1
PDR1;HMLALPHA2
PDR1;YCL075W
PDR1;YCR087C-A
PDR1;PAU3
PDR1;RMD1
PDR1;RPL13A
PDR1;RPS16B
PDR1;RPN5
PDR1;HBT1
PDR1;HEM12
PDR1;LYS4
PDR1;MRX10
PDR1;IRC3
PDR1;HXT7
PDR1;KEI1
PDR1;RPL27B
PDR1;IZH1
PDR1;PAU10
PDR1;YDR543C
PDR1;YDR544C
PDR1;YRF1-1
PDR1;RPL12A
PDR1;VHR2
PDR1;ALD5
PDR1;RPS24A
PDR1;SLX8
PDR1;RPL23B
PDR1;BEM2
PDR1;RPL22B
PDR1;AAD16
PDR1;ERJ5
PDR1;RPL28
PDR1;CDC20
PDR1;ROK1
PDR1;YGL177W
PDR1;RPS26A
PDR1;STF2
PDR1;NSR1
PDR1;SDA1
PDR1;COS6
PDR1;YRF1-3
PDR1;OTU2
PDR1;AIM17
PDR1;YHL049C
PDR1;NAM8
PDR1;RTC3
PDR1;MSR1
PDR1;RPL42B
PDR1;EGD2
PDR1;UTP9
PDR1;RIX1
PDR1;CFD1
PDR1;RPL2B
PDR1;TAO3
PDR1;RPL16A
PDR1;YIL177C
PDR1;MHP1
PDR1;SOP4
PDR1;VPS55
PDR1;MGM101
PDR1;MAE1
PDR1;YKL225W
PDR1;DNM1
PDR1;YLL066C
PDR1;YLL067C
PDR1;FRS1
PDR1;YLR162W
PDR1;ENT2
PDR1;HRD3
PDR1;VPS38
PDR1;PAU4
PDR1;YLR462W
PDR1;YLR463C
PDR1;YLR464W
PDR1;YLR465C
PDR1;YRF1-4
PDR1;YRF1-5
PDR1;TAF13
PDR1;BUL2
PDR1;CTK3
PDR1;YML131W
PDR1;YML133C
PDR1;HOR7
PDR1;PYP1
PDR1;RPL16B
PDR1;SIN4
PDR1;YNL337W
PDR1;YNL338W
PDR1;YRF1-6
PDR1;PAU6
PDR1;AVO1
PDR1;REX4
PDR1;RPS19A
PDR1;TRM13
PDR1;RKI1
PDR1;RUP1
PDR1;SFL1
PDR1;DCS2
PDR1;PAC1
PDR1;YOR318C
PDR1;RDR1
PDR1;FRE3
PDR1;CTF19
PDR1;RPL33A
PDR1;POC4
PDR1;RPL36B
PDR1;VIK1
PDR1;YRF1-7
PDR1;RPA135
PDR1;JIP5
PDR1;BSP1
PDR1;GDB1
PDR1;YPR202W
PDR1;YPR203W
PDR1;MAG1
PDR1;DDI1
CST6;COR1
CST6;HSP12
CST6;HXK1
CST6;CBF2
CST6;NCA3
CST6;SPO20
CST6;YOR302W
CST6;SKS1
CST6;ALD6
CST6;ISU1
CST6;ENA2
CST6;OCA6
CST6;YKL177W
CST6;STO1
INO4;CDS1
INO4;EHT1
INO4;RXT3
INO4;HNT1
INO4;RSM10
INO4;HXT13
INO4;SPC25
INO4;YER137C
INO4;COG7
INO4;MIG1
INO4;SUT1
INO4;RTS3
INO4;MRP4
INO4;YIL055C
INO4;RSM25
INO4;SGA1
INO4;NCA3
INO4;RPB4
INO4;SLS1
INO4;UPS2
INO4;TRM12
INO4;NCE103
INO4;MRPS18
INO4;PSH1
INO4;HEM15
INO4;MPD1
INO4;MSC6
INO4;YPR195C
INO4;ATG12
INO4;SNT1
INO4;MTH1
INO4;BCS1
INO4;ARH1
INO4;SHE9
INO4;FPR2
INO4;COX23
INO4;SPL2
INO4;LAM1
INO4;REC104
INO4;YIR042C
INO4;SNA3
INO4;YMR1
INO4;TCD2
INO4;NFU1
INO4;ACE2
INO4;IDP3
INO4;RFA2
INO4;IFM1
INO4;YOL107W
INO4;RRI2
INO4;CMR2
INO4;IAH1
INO4;HNT3
INO4;YTH1
INO4;YPR196W
STB5;YEF1
STB5;BMH1
STB5;YMR315W
STB5;RIB4
STB5;RPS30B
STB5;YPR015C
STB5;MFB1
STB5;YAP1801
ACA1;IRC3
ACE2;ICP55
ACE2;KSS1
ACE2;RPS30A
AFT1;MRP10
AFT1;YGL088W
AFT1;MPC3
AFT1;YHR138C
AFT1;APE1
AFT1;MRS4
AFT1;YCT1
AFT1;TIS11
AFT1;COX14
AFT1;CAT8
AFT1;FET4
AFT1;YMR320W
AFT1;YNR014W
AFT1;FRE4
AFT1;ADE2
AFT1;FRE5
AFT1;GUP2
AFT1;APL5
AFT1;ATH1
AFT1;CLB2
AFT1;DDL1
AFT2;UBC8
AFT2;OLE1
AFT2;RIX7
AFT2;YLR140W
AFT2;FET3
CAD1;FRM2
CAD1;HSP31
CAD1;PHO81
CAD1;MGA1
CAD1;RHO3
CAD1;SRX1
CAD1;RHO5
CAD1;NOG2
CAD1;RDL1
CHA4;CHA1
CRZ1;RPL22B
CRZ1;RAS1
CRZ1;PMA2
CRZ1;FUI1
CRZ1;SPO20
CRZ1;KTR5
CRZ1;ARO9
DAL82;YGR182C
DAL82;RPL42B
DAL82;YVH1
DAL82;DAL1
DAL82;RPL14A
DAL82;CWP2
DAL82;CUE1
DAL82;FPR1
DAL82;DIS3
DAL82;YOL035C
DAL82;BRX1
DAL82;ARG8
DAL82;BUD21
ECM22;ERG28
ECM22;ERG4
ECM22;RSM26
ECM22;ERG3
FLO8;ATG42
FLO8;KNH1
FLO8;PST1
FLO8;HXT3
FLO8;YDR524W-C
FLO8;SOL4
FLO8;COS6
FLO8;HXT1
FLO8;TIR3
FLO8;CSS1
FLO8;FLO11
FLO8;UBX6
FLO8;ELO1
FLO8;CCW12
FLO8;SPC2
FLO8;GAT2
FLO8;NDE1
FLO8;PRC1
FLO8;COX5A
FLO8;HXT11
FLO8;TPO4
FLO8;ROX1
FLO8;SNT309
FZF1;LDS1
GCR1;CDC19
GCR1;YAR009C
GCR1;PGI1
GCR1;TPI1
GCR1;YDR210C-C
GCR1;UBP9
GCR1;YGR038C-A
GCR1;TDH3
GCR1;GPM1
GCR1;SPS19
GCR1;ADH1
GCR1;YPR158W-B
GCR1;GLK1
GCR1;PGK1
GCR1;ENO1
GCR1;ENO2
HAC1;ERJ5
HAC1;KAR2
HAC1;SIL1
HAC1;EUG1
HAC1;LHS1
HAP2;HMRA2
HAP2;COX9
HAP2;RSM10
HAP2;YDR210W
HAP2;RPL1B
HAP2;COX13
HAP2;QCR9
HAP2;QCR10
HAP2;COX16
HAP2;ISA1
HAP2;SEC72
HAP2;YLR294C
HAP2;ATP14
HAP2;COX8
HAP2;RPL36A
HAP2;COX7
HAP2;COX5A
HAP2;YOR248W
HAP2;ATP15
HAP2;ATP20
HAP2;CYC1
HAP3;QCR9
HAP3;BNA2
HAP3;CTF19
HAP4;CHS2
HAP4;SMF2
HAP4;YLL065W
HAP4;YLR296W
HAP4;CYC1
HAP5;STE2
HAP5;YHB1
HCM1;HOP2
HCM1;THI73
HCM1;YNL013C
HCM1;OYE3
LEU3;ILV3
LEU3;ILV2
LEU3;LEU4
MSS11;OLE1
MSS11;FLO11
PDR3;PDR3
PDR3;LDB7
PDR3;YDR415C
PDR3;SYF1
PDR3;TLG1
PDR3;SDC1
PDR3;SSZ1
PDR3;SUI2
PDR3;PSG1
PDR3;YML096W
PDR3;VPS9
PDR3;ROY1
PDR3;DSL1
PDR3;ATG3
PDR3;ATG34
PDR3;SPP2
PDR3;IPT1
PDR3;PDR5
PDR3;FLR1
PHO4;CLN3
PHO4;TIP1
PHO4;CHA1
PHO4;SCS3
PHO4;YGR273C
PHO4;YHR210C
PHO4;OM45
PHO4;YJR098C
PHO4;TIS11
PHO4;HOR7
PHO4;YGP1
PHO4;ARG1
PHO4;CTF19
PHO4;LEE1
RDS1;YMR103C
RME1;FLO1
RME1;YHR140W
RME1;RPA34
RME1;HPF1
RPN4;PIM1
RPN4;MCM2
RPN4;RPL23A
RPN4;REB1
RPN4;FES1
RPN4;CMD1
RPN4;ALG1
RPN4;YBR137W
RPN4;RIB7
RPN4;SSH1
RPN4;YCL002C
RPN4;STP22
RPN4;ILV6
RPN4;SGF29
RPN4;KAR4
RPN4;PEX34
RPN4;CDC10
RPN4;CIT2
RPN4;SAT4
RPN4;CTO1
RPN4;YCR061W
RPN4;AHC2
RPN4;MSH3
RPN4;CDC39
RPN4;PMT1
RPN4;RPN6
RPN4;RPO21
RPN4;YDL144C
RPN4;RPN5
RPN4;NOP14
RPN4;REG1
RPN4;ARO1
RPN4;GIR2
RPN4;CCC2
RPN4;MGP12
RPN4;RQC1
RPN4;SWR1
RPN4;DXO1
RPN4;CTS2
RPN4;VPS74
RPN4;FRQ1
RPN4;SHE9
RPN4;RPT3
RPN4;RPN9
RPN4;GEA2
RPN4;RAD23
RPN4;TMA20
RPN4;PRE1
RPN4;RPN3
RPN4;ERG28
RPN4;PUP3
RPN4;MAG1
RPN4;DDI1
RPN4;GCG1
RPN4;BUD27
RPN4;EPL1
RPN4;AAD16
RPN4;YPI1
RPN4;RPN11
RPN4;UBP6
RPN4;PRE4
RPN4;ERG26
RPN4;MPO1
RPN4;SCL1
RPN4;ERG4
RPN4;PDR1
RPN4;ALG13
RPN4;RPT6
RPN4;NAB2
RPN4;NUP49
RPN4;XRN1
RPN4;ATG1
RPN4;GCN1
RPN4;TFC4
RPN4;UFD1
RPN4;PRE9
RPN4;BTN2
RPN4;TRX2
RPN4;HSV2
RPN4;PUP2
RPN4;OSH7
RPN4;DAP2
RPN4;RPN2
RPN4;CSS1
RPN4;PRE3
RPN4;OST1
RPN4;KHA1
RPN4;POL31
RPN4;UFD4
RPN4;PUT3
RPN4;NFU1
RPN4;DEF1
RPN4;RPT1
RPN4;MIA40
RPN4;YKT6
RPN4;UBA1
RPN4;RPS30A
RPN4;RPS22B
RPN4;RPN13
RPN4;YAP1
RPN4;GSF2
RPN4;RSE1
RPN4;PRE8
RPN4;CLU1
RPN4;DSK2
RPN4;CUZ1
RPN4;NSG2
RPN4;NRD1
RPN4;YNL337W
RPN4;YNL338W
RPN4;YRF1-6
RPN4;PRE6
RPN4;SGT2
RPN4;TMC1
RPN4;ASE1
RPN4;VAM3
RPN4;PUP1
RPN4;PET123
RPN4;RPT4
RPN4;GCD1
RPN4;RPN8
RPN4;GPN2
RPN4;TIM18
RPN4;YOR318C
RPN4;HSH49
RPN4;SOG2
RPN4;MUK1
RPN4;YPL071C
RPN4;YPL113C
RPN4;RKM1
RPN4;NVJ2
RPN4;YTH1
RPN4;RPN7
RPN4;RPT2
RPN4;RPT5
RTG3;BAT2
RTG3;PDR8
SIP4;PCK1
SIP4;DCN1
SIP4;MLS1
SIP4;FBP1
SMP1;DFR1
STB4;PCS60
STB4;PXP1
STP1;YDR042C
STP1;GCN4
STP1;YGR039W
STP1;MUP1
STP1;LYS1
STP1;KDX1
STP1;YLR428C
STP1;ARG1
STP1;DIP5
STP2;YOR289W
TYE7;LHP1
TYE7;EXP1
TYE7;TIM10
TYE7;RPL40A
TYE7;MRT4
TYE7;RPS21A
TYE7;TOM7
TYE7;NIP7
UPC2;CIT2
UPC2;ERG2
USV1;SOR1
YAP5;FES1
YAP5;RPS14A
YAP5;RPS16B
YAP5;SLX8
YAP5;PES4
YAP5;PEX35
YAP5;QCR10
YAP5;RPL16A
YAP5;RPS22A
YAP5;VPS55
YAP5;RPL6A
YAP5;FPR1
YAP5;GRX5
ZAP1;ATG9
ZAP1;ZAP1
ZAP1;LHS1
YRR1;SSA1
YRR1;CYS3
YRR1;ERV46
YRR1;RPS11B
YRR1;YBR056W
YRR1;OM14
YRR1;COQ21
YRR1;RIB5
YRR1;LEU2
YRR1;YCL021W-A
YRR1;LSB5
YRR1;GRX1
YRR1;ATG22
YRR1;PGK1
YRR1;CPR4
YRR1;STP4
YRR1;BDF2
YRR1;SNQ2
YRR1;RPL4B
YRR1;HEM13
YRR1;PST1
YRR1;SED1
YRR1;GIS1
YRR1;HOM2
YRR1;AHA1
YRR1;ADK1
YRR1;GPI8
YRR1;HXT7
YRR1;HPT1
YRR1;MCM3
YRR1;GLY1
YRR1;EDC2
YRR1;PHM8
YRR1;PIC2
YRR1;GPP2
YRR1;RPS24A
YRR1;SER3
YRR1;DOT6
YRR1;SSA4
YRR1;HSP12
YRR1;HAC1
YRR1;AGA2
YRR1;OLE1
YRR1;RPS2
YRR1;SIP2
YRR1;MIG2
YRR1;EDC1
YRR1;UGA1
YRR1;MTL1
YRR1;ADE6
YRR1;MTR3
YRR1;RTS3
YRR1;CRH1
YRR1;ADE3
YRR1;MPC3
YRR1;MGA1
YRR1;SCW4
YRR1;PCL5
YRR1;GAR1
YRR1;RPL40A
YRR1;CSS1
YRR1;PAN1
YRR1;CYR1
YRR1;UBX6
YRR1;TDH1
YRR1;DPI8
YRR1;CIS3
YRR1;HSP150
YRR1;RPS22A
YRR1;TDH2
YRR1;ILV3
YRR1;RPS5
YRR1;RSF2
YRR1;CAP1
YRR1;CWP1
YRR1;CWP2
YRR1;HAP4
YRR1;GPM1
YRR1;UTH1
YRR1;PTR2
YRR1;RPL40B
YRR1;TPO1
YRR1;YLL056C
YRR1;YLR046C
YRR1;YLR108C
YRR1;AHP1
YRR1;CCW12
YRR1;YLR179C
YRR1;SAM1
YRR1;EXG1
YRR1;ACO1
YRR1;PEX30
YRR1;TMA10
YRR1;NMA1
YRR1;TSA1
YRR1;SUR7
YRR1;NTE1
YRR1;RPM2
YRR1;PHO84
YRR1;PLB1
YRR1;MSS1
YRR1;EIS1
YRR1;YMR102C
YRR1;NCW1
YRR1;YIM1
YRR1;ICY1
YRR1;HOR7
YRR1;SCS7
YRR1;GAS1
YRR1;PBI2
YRR1;DBP2
YRR1;ZWF1
YRR1;SLA2
YRR1;NRD1
YRR1;TOS6
YRR1;CIT1
YRR1;ARE2
YRR1;NOG2
YRR1;PRE6
YRR1;RPS15
YRR1;DUF1
YRR1;RPL18A
YRR1;HRP1
YRR1;HPF1
YRR1;RPL3
YRR1;CYT1
YRR1;PDR5
YRR1;YRR1
YRR1;TPO4
YRR1;TYE7
YRR1;GDS1
YRR1;SKS1
YRR1;RPS9A
YRR1;GDE1
YRR1;PEX25
YRR1;RPL5
YRR1;FAS2
YRR1;ATG41
YRR1;GLN1
YRR1;SPO24
YRR1;NVJ2
YRR1;NCE102
YRR1;GPH1
YRR1;QCR2
CUP2;SOD1
PPR1;URA1
PPR1;URA4
DAL80;DAL7
