Smp1p,ACTACTAWWWWTAG,TRANSFAC,MEME,View
Kar4p,YAANNCAAANNCNGNYT,TRANSFAC,MEME,View
Kar4p,CTAANNCAAANNCNGNYT,TRANSFAC,MEME,View
Kar4p,TTAANNCAAANNCNGNYT,TRANSFAC,MEME,View
Hcm1p,WAAYAAACAAW,TRANSFAC,MEME,View
Rds1p,BCGGCCG,TRANSFAC,MEME,View
Uga3p,SGCGGNWTTT,TRANSFAC,MEME,View
Pho2p,WTAWTW,TRANSFAC,MEME,View
Mbp1p,ACGCGT,TRANSFAC,MEME,View
Rpn4p,GGTGGCAAA,TRANSFAC,MEME,View
Lys14p,TCCRNYGGA,TRANSFAC,MEME,View
Nrg1p,CCCCT,TRANSFAC,MEME,View
Nrg1p,CCCTC,TRANSFAC,MEME,View
Nrg1p,GGACCCT,TRANSFAC,MEME,View
Gis1p,TWAGGGAT,TRANSFAC,MEME,View
Gis1p,AGGGG,TRANSFAC,MEME,View
Ino2p,ATGTGAAAT,TRANSFAC,MEME,View
Ino2p,CATGTGAAAT,TRANSFAC,MEME,View
Ino2p,WYTTCAYRTGS,TRANSFAC,MEME,View
Ino2p,CACATGC,TRANSFAC,MEME,View
Swi5p,ACCAGC,TRANSFAC,MEME,View
Ume6p,TAGCCGCCGA,TRANSFAC,MEME,View
Ume6p,TAGGCGGC,TRANSFAC,MEME,View
Ume6p,TCGGCGGCT,TRANSFAC,MEME,View
Ume6p,TGGGTGGCTA,TRANSFAC,MEME,View
Upc2p,TCGTATA,TRANSFAC,MEME,View
Upc2p,TCGTTYAG,TRANSFAC,MEME,View
Upc2p,TCGTWCC,TRANSFAC,MEME,View
Upc2p,TATACGA,TRANSFAC,MEME,View
Upc2p,TAAACGA,TRANSFAC,MEME,View
Adr1p,"TTGGRGN{6,38}CYCCAA",TRANSFAC,MEME,View
Adr1p,TTGGRG,TRANSFAC,MEME,View
Met32p,AAACTGTGG,TRANSFAC,MEME,View
Met32p,AAACTGTG,TRANSFAC,MEME,View
Met32p,CTGTGGC,TRANSFAC,MEME,View
Sum1p,GNCRCAAAW,TRANSFAC,MEME,View
Cad1p,TTACTAA,TRANSFAC,MEME,View
Stp1p,CGGCTC,TRANSFAC,MEME,View
Stp1p,CGGCN{6}CGGC,TRANSFAC,MEME,View
Stp1p,RYRCGGCRC,TRANSFAC,MEME,View
Gcn4p,TTACGTAA,TRANSFAC,MEME,View
Gcn4p,TGATTCA,TRANSFAC,MEME,View
Gcn4p,TGACTGA,TRANSFAC,MEME,View
Gcn4p,TGACTMT,TRANSFAC,MEME,View
Gcn4p,RRTGACTC,TRANSFAC,MEME,View
Gcn4p,TGACTC,TRANSFAC,MEME,View
Gcn4p,TGASTCA,TRANSFAC,MEME,View
Gcn4p,TTGCGCAA,TRANSFAC,MEME,View
Gcn4p,TTGCGTGA,TRANSFAC,MEME,View
Gcn4p,GCACGTAG,TRANSFAC,MEME,View
Gcn4p,CACGTG,TRANSFAC,MEME,View
Mig3p,AATTRTCCGGGG,TRANSFAC,MEME,View
Mig3p,TATAGTGCGGGG,TRANSFAC,MEME,View
Mig3p,ATTTTTGTGGGG,TRANSFAC,MEME,View
Mig3p,GAATAYCTGGGG,TRANSFAC,MEME,View
Mig3p,TTATTTCTGGGG,TRANSFAC,MEME,View
Mig3p,TAAAAGCCGGGG,TRANSFAC,MEME,View
Mig3p,TTAAAAGCGGGG,TRANSFAC,MEME,View
Mig3p,TTAAACGTGGGG,TRANSFAC,MEME,View
Mig3p,ATAAAACTGGGG,TRANSFAC,MEME,View
Mig3p,ATAAACGCGGGG,TRANSFAC,MEME,View
Mig3p,ATTAATGTGGGG,TRANSFAC,MEME,View
Mig3p,AAAAATGCGGGG,TRANSFAC,MEME,View
Mig3p,ATTTTGCGGGG,TRANSFAC,MEME,View
Gln3p,GATAAG,TRANSFAC,MEME,View
Gln3p,GATTAG,TRANSFAC,MEME,View
Aca1p,TGACGTCA,TRANSFAC,MEME,View
Aca1p,TTACGTAA,TRANSFAC,MEME,View
Mot2p,ATATA,TRANSFAC,MEME,View
Flo8p,TTTGCN{97}GCAAA,TRANSFAC,MEME,View
Flo8p,CGGGGTTTTCT,TRANSFAC,MEME,View
Swi4p,CACGAAA,TRANSFAC,MEME,View
Swi4p,TTTTCGCT,TRANSFAC,MEME,View
Com2p,AGGGG,TRANSFAC,MEME,View
Com2p,TCAGGGGT,TRANSFAC,MEME,View
Com2p,AATAGGAG,TRANSFAC,MEME,View
Com2p,ATAGGGG,TRANSFAC,MEME,View
Com2p,ATAGGAG,TRANSFAC,MEME,View
Com2p,ATAGGGT,TRANSFAC,MEME,View
Rph1p,CCCCT,TRANSFAC,MEME,View
Rph1p,AGGGG,TRANSFAC,MEME,View
Znf1p,CGGN{9}CGG,TRANSFAC,MEME,View
Hac1p,CAGCGTG,TRANSFAC,MEME,View
Hac1p,ATGGTATCAT,TRANSFAC,MEME,View
Hac1p,TGACGTCA,TRANSFAC,MEME,View
Hac1p,CCAGC,TRANSFAC,MEME,View
Gat1p,GATAAG,TRANSFAC,MEME,View
Pho4p,CACGTK,TRANSFAC,MEME,View
Pho4p,CACGTGGG,TRANSFAC,MEME,View
Fzf1p,CGTATCGTATAAGGCAACAATAG,TRANSFAC,MEME,View
Fzf1p,YGSMNMCTATCAYTTYY,TRANSFAC,MEME,View
Hap2p,TNATTGGT,TRANSFAC,MEME,View
Mig2p,AATTRTCCGGGG,TRANSFAC,MEME,View
Mig2p,TATAGTGCGGGG,TRANSFAC,MEME,View
Mig2p,ATTTTTGTGGGG,TRANSFAC,MEME,View
Mig2p,GAATAYCTGGGG,TRANSFAC,MEME,View
Mig2p,TTATTTCTGGGG,TRANSFAC,MEME,View
Mig2p,TAAAAGCCGGGG,TRANSFAC,MEME,View
Mig2p,TTAAAAGCGGGG,TRANSFAC,MEME,View
Mig2p,TTAAACGTGGGG,TRANSFAC,MEME,View
Mig2p,ATAAAACTGGGG,TRANSFAC,MEME,View
Mig2p,ATAAACGCGGGG,TRANSFAC,MEME,View
Mig2p,ATTAATGTGGGG,TRANSFAC,MEME,View
Mig2p,AAAAATGCGGGG,TRANSFAC,MEME,View
Mig2p,ATTTTGCGGGG,TRANSFAC,MEME,View
Mig2p,CCCCRC,TRANSFAC,MEME,View
Cup2p,HTHNNGCTGD,TRANSFAC,MEME,View
Cup2p,GCGTCTTTTCCGCTGA,TRANSFAC,MEME,View
Cup2p,TCTTTTGCTG,TRANSFAC,MEME,View
Cup2p,TCTTTTTGCTG,TRANSFAC,MEME,View
Cup2p,TCTTTTTTGCTG,TRANSFAC,MEME,View
Hsf1p,NGAANNTTCN,TRANSFAC,MEME,View
Hsf1p,NTTCNNGAAN,TRANSFAC,MEME,View
Hsf1p,NGAANNTTCNNGAAN,TRANSFAC,MEME,View
Hsf1p,NGAANNNNNNNGAANNNNNNNGAAN,TRANSFAC,MEME,View
Hsf1p,CTTCATGAAA,TRANSFAC,MEME,View
Hsf1p,TTCTAGAANNTTCTAGAA,TRANSFAC,MEME,View
Hsf1p,TTCNNGAA,TRANSFAC,MEME,View
Hsf1p,TTCNNGAANNTTC,TRANSFAC,MEME,View
Hsf1p,GAANNTTCNNGAA,TRANSFAC,MEME,View
Hsf1p,TTCNNGAANNTTCNNGAA,TRANSFAC,MEME,View
Hsf1p,TTCNNGAANNNNNNNGAA,TRANSFAC,MEME,View
Hsf1p,TTCNNNNNNNTTCNNGAA,TRANSFAC,MEME,View
Hsf1p,TTCNNNNNNNTTCNNNNNNNTTC,TRANSFAC,MEME,View
Hsf1p,GAANNNNNNNGAANNNNNNNGAA,TRANSFAC,MEME,View
Hsf1p,TTCTTCNNNNNNNTTC,TRANSFAC,MEME,View
Aft1p,YRCACCCR,TRANSFAC,MEME,View
Aft1p,TGCACCC,TRANSFAC,MEME,View
Aft1p,GGCACCC,TRANSFAC,MEME,View
Aft1p,TGCACCCA,TRANSFAC,MEME,View
Mig1p,AATTRTCCGGGG,TRANSFAC,MEME,View
Mig1p,TATAGTGCGGGG,TRANSFAC,MEME,View
Mig1p,ATTTTTGTGGGG,TRANSFAC,MEME,View
Mig1p,GAATAYCTGGGG,TRANSFAC,MEME,View
Mig1p,TTATTTCTGGGG,TRANSFAC,MEME,View
Mig1p,TAAAAGCCGGGG,TRANSFAC,MEME,View
Mig1p,TTAAAAGCGGGG,TRANSFAC,MEME,View
Mig1p,TTAAACGTGGGG,TRANSFAC,MEME,View
Mig1p,ATAAAACTGGGG,TRANSFAC,MEME,View
Mig1p,ATAAACGCGGGG,TRANSFAC,MEME,View
Mig1p,ATTAATGTGGGG,TRANSFAC,MEME,View
Mig1p,AAAAATGCGGGG,TRANSFAC,MEME,View
Mig1p,ATTTTGCGGGG,TRANSFAC,MEME,View
Mig1p,CCCCRC,TRANSFAC,MEME,View
Mig1p,SYGGRG,TRANSFAC,MEME,View
Pdr1p,TCCGCGGA,TRANSFAC,MEME,View
Pdr1p,TCCGTGGA,TRANSFAC,MEME,View
Pdr1p,TCCACGGA,TRANSFAC,MEME,View
Pdr1p,TCCGCGCA,TRANSFAC,MEME,View
Pdr1p,TCCGCGGG,TRANSFAC,MEME,View
Rme1p,GTACCACAAAA,TRANSFAC,MEME,View
Rme1p,GTACCTCAAAA,TRANSFAC,MEME,View
Rme1p,GAACCTCAARA,TRANSFAC,MEME,View
Rim101p,TGCCAAG,TRANSFAC,MEME,View
Rim101p,CTTGGCR,TRANSFAC,MEME,View
Yap3p,TTACTAA,TRANSFAC,MEME,View
Yap3p,TGACTCA,TRANSFAC,MEME,View
Yap3p,ATTACGTAAT,TRANSFAC,MEME,View
Stp2p,CGGCTC,TRANSFAC,MEME,View
Stp2p,CGGGGTGNNNNNNNCGCACCG,TRANSFAC,MEME,View
Stp2p,CNCACCNG,TRANSFAC,MEME,View
Ste12p,TGAAACA,TRANSFAC,MEME,View
Ste12p,MTGAAACA,TRANSFAC,MEME,View
Ste12p,ATGAAACA,TRANSFAC,MEME,View
Ste12p,GGAAACA,TRANSFAC,MEME,View
Ste12p,TGTTTCAN{21}GGAAACG,TRANSFAC,MEME,View
Ste12p,TGTTTCCN{18}TGTTTCT,TRANSFAC,MEME,View
Ste12p,ATAAAACA,TRANSFAC,MEME,View
Ste12p,ATGCAACA,TRANSFAC,MEME,View
Ste12p,ATGAAACAATGAAACA,TRANSFAC,MEME,View
Ste12p,TTGAAACAATGAAACA,TRANSFAC,MEME,View
Ste12p,ATGAAACAATGAGACA,TRANSFAC,MEME,View
Ste12p,ATGAAACAATGAAACG,TRANSFAC,MEME,View
Ste12p,TTGAAACAATGAAACG,TRANSFAC,MEME,View
Ste12p,CGTTTCAAAATGAAACA,TRANSFAC,MEME,View
Ste12p,ATGAACAN{3}ATGAAACA,TRANSFAC,MEME,View
Ste12p,ATGAACAN{40}ATGAAACA,TRANSFAC,MEME,View
Ste12p,CGTTTCAN{40}ATGAAACA,TRANSFAC,MEME,View
Ste12p,TGTTTCA,TRANSFAC,MEME,View
Ste12p,GTTTCANNNTGAAAC,TRANSFAC,MEME,View
Ndt80p,GNCRCAAAW,TRANSFAC,MEME,View
Ndt80p,CACAAA,TRANSFAC,MEME,View
Rof1p,TTAAGGTT,TRANSFAC,MEME,View
Stb5p,TCTCCGCGAAC,TRANSFAC,MEME,View
Stb5p,CGGNS,TRANSFAC,MEME,View
Skn7p,GGCYGGC,TRANSFAC,MEME,View
Skn7p,AGAACGTTC,TRANSFAC,MEME,View
Skn7p,ATTTGGYTGGGCC,TRANSFAC,MEME,View
Skn7p,GGCGAGATCT,TRANSFAC,MEME,View
Skn7p,GGCCCAGA,TRANSFAC,MEME,View
Skn7p,GGCCGGC,TRANSFAC,MEME,View
Skn7p,GGCCAGA,TRANSFAC,MEME,View
Skn7p,GGCTGGC,TRANSFAC,MEME,View
Skn7p,GGCCR,TRANSFAC,MEME,View
Fkh1p,GTMAACAA,TRANSFAC,MEME,View
Fkh1p,RTAAAYAA,TRANSFAC,MEME,View
Fkh1p,RYMAAYA,TRANSFAC,MEME,View
Fkh1p,RYAAACAWW,TRANSFAC,MEME,View
Fkh1p,AAACA,TRANSFAC,MEME,View
Xbp1p,CTCGA,TRANSFAC,MEME,View
Cst6p,TGACGTCA,TRANSFAC,MEME,View
Cst6p,TTACGTAA,TRANSFAC,MEME,View
Cst6p,GTGACGT,TRANSFAC,MEME,View
Yap5p,TTACTAA,TRANSFAC,MEME,View
Dal81p,SAAAWNTGCGBT,TRANSFAC,MEME,View
Dal81p,GAAAATTGCGTT,TRANSFAC,MEME,View
Dal81p,CGGCN{6}GCCG,TRANSFAC,MEME,View
Gzf3p,GATAAG,TRANSFAC,MEME,View
Gsm1p,CGGNNNNNNNNCGG,TRANSFAC,MEME,View
Gsm1p,CGGNNNNNNNNNCGG,TRANSFAC,MEME,View
Cbf1p,RTCACGTG,TRANSFAC,MEME,View
Cbf1p,RTCACRTG,TRANSFAC,MEME,View
Cbf1p,TCACGTT,TRANSFAC,MEME,View
Cbf1p,CACGTG,TRANSFAC,MEME,View
Ime1p,TTTTCHHCG,TRANSFAC,MEME,View
Ash1p,YTGAT,TRANSFAC,MEME,View
Abf1p,AGCCGTAAATAGTTATCTTCCAAG,TRANSFAC,MEME,View
Abf1p,RTCRYYYN{3}ACG,TRANSFAC,MEME,View
Abf1p,RTCRYBN{4}ACG,TRANSFAC,MEME,View
Abf1p,TCN{7}ACG,TRANSFAC,MEME,View
Abf1p,RTCRN{6}ACGNR,TRANSFAC,MEME,View
Abf1p,TCRTN{5}AYGA,TRANSFAC,MEME,View
Abf1p,TNNCGTNNNNNNTGAT,TRANSFAC,MEME,View
Hap4p,TNATTGGT,TRANSFAC,MEME,View
Msn4p,CCCCT,TRANSFAC,MEME,View
Msn4p,AGGGG,TRANSFAC,MEME,View
Rgt1p,CGGANNA,TRANSFAC,MEME,View
Ixr1p,KTTSAAYKGTTYASA,TRANSFAC,MEME,View
Put3p,CGGN{10}CCG,TRANSFAC,MEME,View
Dal80p,"GATAAGN{15,20}GATAAG",TRANSFAC,MEME,View
Bas1p,TGACTC,TRANSFAC,MEME,View
Ppr1p,CGGN{6}CCG,TRANSFAC,MEME,View
Cha4p,CGGN{10}CCG,TRANSFAC,MEME,View
Cha4p,CGGN{10}CCA,TRANSFAC,MEME,View
Ace2p,ACCAGC,TRANSFAC,MEME,View
Rfx1p,TCGCCATGGCAAC,TRANSFAC,MEME,View
Rfx1p,TTGCCATGGCAAC,TRANSFAC,MEME,View
Rfx1p,TCGCCATGACAAC,TRANSFAC,MEME,View
Rfx1p,CTATTGCTGCAAC,TRANSFAC,MEME,View
Rfx1p,TCTCTGTGGCAAC,TRANSFAC,MEME,View
Rfx1p,TTGTCACAGCAAC,TRANSFAC,MEME,View
Rfx1p,TTGTCGCAGCAAC,TRANSFAC,MEME,View
Rfx1p,TTGTTGTGGCAAC,TRANSFAC,MEME,View
Rfx1p,TTTCCACAGCAAC,TRANSFAC,MEME,View
Rfx1p,TYGCCATGCCAAC,TRANSFAC,MEME,View
Ecm22p,TCGTATA,TRANSFAC,MEME,View
Hap1p,CGGN{3}TANCGG,TRANSFAC,MEME,View
Hap1p,CGGN{6}CGG,TRANSFAC,MEME,View
Hap1p,CGGN{3}TANCGGN{3}TA,TRANSFAC,MEME,View
Hap1p,TCGCGTTCATATATATCGGATATACTCTTGAGGCACAATT,TRANSFAC,MEME,View
Hap1p,CGCATTTATCGC,TRANSFAC,MEME,View
Hap1p,CCGNTATNTCC,TRANSFAC,MEME,View
Hap1p,CCGATA,TRANSFAC,MEME,View
Hap1p,CCGXTATXTCC,TRANSFAC,MEME,View
Pdr8p,TCCGHGGA,TRANSFAC,MEME,View
Leu3p,CCGN{4}CGG,TRANSFAC,MEME,View
Leu3p,CCGGNNCCGG,TRANSFAC,MEME,View
Leu3p,CCGTTAACGG,TRANSFAC,MEME,View
Arg81p,WWN{3}YARNHN{3}VVCGR,TRANSFAC,MEME,View
Arg81p,AAGTACAGTTAATAACGA,TRANSFAC,MEME,View
Arg81p,AAGTACAGTTAATAACGG,TRANSFAC,MEME,View
Arg81p,AAGTGCAACTGACTGCGA,TRANSFAC,MEME,View
Arg81p,AATGGAAATGGATAGCGA,TRANSFAC,MEME,View
Tda9p,GAGGGG,TRANSFAC,MEME,View
War1p,CGGN{23}CCG,TRANSFAC,MEME,View
Yap1p,TTACTAA,TRANSFAC,MEME,View
Yap1p,TGACTCA,TRANSFAC,MEME,View
Yap1p,TGACTAA,TRANSFAC,MEME,View
Yap1p,TKACAAA,TRANSFAC,MEME,View
Yap1p,TTACTCA,TRANSFAC,MEME,View
Yap1p,TGACAA,TRANSFAC,MEME,View
Stb4p,YTCGGAA,TRANSFAC,MEME,View
Mac1p,TTTGCKCR,TRANSFAC,MEME,View
Mac1p,WWWTTTGCTCR,TRANSFAC,MEME,View
Msn2p,CCCCT,TRANSFAC,MEME,View
Msn2p,RGGGG,TRANSFAC,MEME,View
Msn2p,AGGGG,TRANSFAC,MEME,View
Msn2p,TCAGGGGT,TRANSFAC,MEME,View
Msn2p,AACGGGGT,TRANSFAC,MEME,View
Arg80p,CCTCTAAAGG,TRANSFAC,MEME,View
Mcm1p,TTACCNAATTNGGTAA,TRANSFAC,MEME,View
Mcm1p,TTWCCYAAWNNGGWAAWW,TRANSFAC,MEME,View
Mcm1p,DCCYWWWNNRG,TRANSFAC,MEME,View
Mcm1p,CCYWWWNNRG,TRANSFAC,MEME,View
Mcm1p,CCTAATTAGG,TRANSFAC,MEME,View
Mot3p,WAGGTA,TRANSFAC,MEME,View
Mot3p,CAGGYA,TRANSFAC,MEME,View
Mot3p,AAGAGG,TRANSFAC,MEME,View
Mot3p,ATGGAT,TRANSFAC,MEME,View
Mot3p,TAGGTA,TRANSFAC,MEME,View
Mot3p,TAGGAT,TRANSFAC,MEME,View
Mot3p,TMGGAA,TRANSFAC,MEME,View
Mot3p,AAGGKA,TRANSFAC,MEME,View
Mot3p,AAGGWT,TRANSFAC,MEME,View
Mss11p,TTTGCN{97}GCAAA,TRANSFAC,MEME,View
Hot1p,GGGACAAA,TRANSFAC,MEME,View
Hot1p,CATTTGGC,TRANSFAC,MEME,View
Hot1p,CACTTTGAC,TRANSFAC,MEME,View
Cat8p,NCCDTYNVNCCGN,TRANSFAC,MEME,View
Cat8p,YCCNYTNRRCCGN,TRANSFAC,MEME,View
Dal82p,SAAAWNTGCGBT,TRANSFAC,MEME,View
Dal82p,GAAAATTGCGTT,TRANSFAC,MEME,View
Rap1p,ACACCCRYACAY,TRANSFAC,MEME,View
Rap1p,ACACCCAYACAYYY,TRANSFAC,MEME,View
Sko1p,TGACGTTT,TRANSFAC,MEME,View
Sko1p,TGACGTCA,TRANSFAC,MEME,View
Sko1p,TTACGTAA,TRANSFAC,MEME,View
Sko1p,ATGACGTA,TRANSFAC,MEME,View
Met4p,TCACGTG,TRANSFAC,MEME,View
Fkh2p,GTMAACAA,TRANSFAC,MEME,View
Fkh2p,RTAAAYAA,TRANSFAC,MEME,View
Fkh2p,RYMAAYA,TRANSFAC,MEME,View
Fkh2p,RYAAACAWW,TRANSFAC,MEME,View
Fkh2p,AAACA,TRANSFAC,MEME,View
Crz1p,CACCAGTCGGTGGCTGTGCGCTTG,TRANSFAC,MEME,View
Crz1p,GAATGGCTG,TRANSFAC,MEME,View
Crz1p,GGGTGGCTG,TRANSFAC,MEME,View
Crz1p,GNGGCKCA,TRANSFAC,MEME,View
Crz1p,GGGGCTG,TRANSFAC,MEME,View
Crz1p,GAGCCC,TRANSFAC,MEME,View
Crz1p,CAGCCAC,TRANSFAC,MEME,View
Ino4p,ATGTGAAAT,TRANSFAC,MEME,View
Ino4p,CATGTGAAAT,TRANSFAC,MEME,View
Ino4p,WYTTCAYRTGS,TRANSFAC,MEME,View
Ino4p,TYTTCACATGY,TRANSFAC,MEME,View
Ino4p,CACATGC,TRANSFAC,MEME,View
Rtg1p,GTCAC,TRANSFAC,MEME,View
Rtg1p,GGTAC,TRANSFAC,MEME,View
Cin5p,TTACTAA,TRANSFAC,MEME,View
Azf1p,AAGAAAAA,TRANSFAC,MEME,View
Azf1p,AAAAGAAA,TRANSFAC,MEME,View
Sfl1p,AGAANTTCC,TRANSFAC,MEME,View
Yrr1p,WCCGYKKWW,TRANSFAC,MEME,View
Tea1p,CGGN{10}CCG,TRANSFAC,MEME,View
Tye7p,TCACGTG,TRANSFAC,MEME,View
Hap5p,TNATTGGT,TRANSFAC,MEME,View
Pip2p,"CGGN{3}TNRN{8,12}CCG",TRANSFAC,MEME,View
Pip2p,CCGNNNTA,TRANSFAC,MEME,View
Gal4p,CGGN{11}CCG,TRANSFAC,MEME,View
Usv1p,AGGGG,TRANSFAC,MEME,View
Usv1p,TCAGGGGT,TRANSFAC,MEME,View
Usv1p,TCAGGTAC,TRANSFAC,MEME,View
Aft2p,YRCACCCR,TRANSFAC,MEME,View
Aft2p,TGCACCC,TRANSFAC,MEME,View
Aft2p,GGCACCC,TRANSFAC,MEME,View
Aft2p,CGCACCC,TRANSFAC,MEME,View
Rlm1p,CTAWWWWTAG,TRANSFAC,MEME,View
Rlm1p,TAWWWWTAGM,TRANSFAC,MEME,View
Gcr1p,CTTCC,TRANSFAC,MEME,View
Gcr1p,CWTCC,TRANSFAC,MEME,View
Met31p,AAACTGTGG,TRANSFAC,MEME,View
Met31p,AAACTGTG,TRANSFAC,MEME,View
Met31p,CTGTGGC,TRANSFAC,MEME,View
Haa1p,GGCGAGGGG,TRANSFAC,MEME,View
Haa1p,GGCGAGAGG,TRANSFAC,MEME,View
Haa1p,GGCGCGGGG,TRANSFAC,MEME,View
Haa1p,GGCCAGGGG,TRANSFAC,MEME,View
Haa1p,AGCGAGGGG,TRANSFAC,MEME,View
Haa1p,SMGGSG,TRANSFAC,MEME,View
Haa1p,GAGGCG,TRANSFAC,MEME,View
Rox1p,TCTATTGTTTCCC,TRANSFAC,MEME,View
Rox1p,YYYATTGTTCTC,TRANSFAC,MEME,View
Rox1p,ACAAT,TRANSFAC,MEME,View
Arr1p,TGATTACTAATCA,TRANSFAC,MEME,View
Arr1p,TGATTAATAATCA,TRANSFAC,MEME,View
Oaf1p,"CGGN{3}TNRN{8,12}CCG",TRANSFAC,MEME,View
Oaf1p,CGGNNNTAA,TRANSFAC,MEME,View
Rtg3p,GTCAC,TRANSFAC,MEME,View
Rtg3p,GGTAC,TRANSFAC,MEME,View
Hap3p,TNATTGGT,TRANSFAC,MEME,View
Pdr3p,TCCGCGGA,TRANSFAC,MEME,View
Pdr3p,TCCGTGGA,TRANSFAC,MEME,View
Pdr3p,TCCACGGA,TRANSFAC,MEME,View
Pdr3p,TCCGCGCA,TRANSFAC,MEME,View
Pdr3p,TCCGCGGG,TRANSFAC,MEME,View
Pdr3p,TTCCGCGGAW,TRANSFAC,MEME,View
Reb1p,CCGGGTAA,TRANSFAC,MEME,View
Reb1p,TGTTACCCGT,TRANSFAC,MEME,View
Reb1p,CCGGGTGGAT,TRANSFAC,MEME,View
Nrg2p,MAGGGTCC,TRANSFAC,MEME,View
Tec1p,TTCTCACATTCTTC,TRANSFAC,MEME,View
Tec1p,CATTCT,TRANSFAC,MEME,View
Tec1p,CATTCC,TRANSFAC,MEME,View
Tec1p,CATTCTT,TRANSFAC,MEME,View
Tec1p,RMATTCYY,TRANSFAC,MEME,View
Tec1p,ACATTCTTACATTCTT,TRANSFAC,MEME,View
Tec1p,GAATGT,TRANSFAC,MEME,View
Tec1p,RGAATGT,TRANSFAC,MEME,View
Sip4p,TCCATTSRTCCGR,TRANSFAC,MEME,View
Sip4p,NCCDTYNVNCCGN,TRANSFAC,MEME,View
Sip4p,YCCNYTNRRCCGN,TRANSFAC,MEME,View
Zap1p,ACCYYNAAGGT,TRANSFAC,MEME,View
Zap1p,ACCGTCACTGC,TRANSFAC,MEME,View
Zap1p,TTCTTTATGGT,TRANSFAC,MEME,View
Zap1p,ATAACC,TRANSFAC,MEME,View
Zap1p,ACCTTNAAGGT,TRANSFAC,MEME,View
Zap1p,ACCTTGAAGGT,TRANSFAC,MEME,View
Mal63p,MGCN{9}MGS,TRANSFAC,MEME,View
Mal63p,CGGN{9}CGG,TRANSFAC,MEME,View
Mal63p,CGCN{9}CGC,TRANSFAC,MEME,View
Mal63p,CGGN{9}CGC,TRANSFAC,MEME,View
,,,,
"Transcription Factor Consensus Position-specific Weight Matrix Reference 				 			Smp1p 			ACTACTAWWWWTAG 			TRANSFAC 			MEME 			View 			Kar4p 			YAANNCAAANNCNGNYT 			TRANSFAC 			MEME 			View 			Kar4p 			CTAANNCAAANNCNGNYT 			TRANSFAC 			MEME 			View 			Kar4p 			TTAANNCAAANNCNGNYT 			TRANSFAC 			MEME 			View 			Hcm1p 			WAAYAAACAAW 			TRANSFAC 			MEME 			View 			Rds1p 			BCGGCCG 			TRANSFAC 			MEME 			View 			Uga3p 			SGCGGNWTTT 			TRANSFAC 			MEME 			View 			Pho2p 			WTAWTW 			TRANSFAC 			MEME 			View 			Mbp1p 			ACGCGT 			TRANSFAC 			MEME 			View 			Rpn4p 			GGTGGCAAA 			TRANSFAC 			MEME 			View 			Lys14p 			TCCRNYGGA 			TRANSFAC 			MEME 			View 			Nrg1p 			CCCCT 			TRANSFAC 			MEME 			View 			Nrg1p 			CCCTC 			TRANSFAC 			MEME 			View 			Nrg1p 			GGACCCT 			TRANSFAC 			MEME 			View 			Gis1p 			TWAGGGAT 			TRANSFAC 			MEME 			View 			Gis1p 			AGGGG 			TRANSFAC 			MEME 			View 			Ino2p 			ATGTGAAAT 			TRANSFAC 			MEME 			View 			Ino2p 			CATGTGAAAT 			TRANSFAC 			MEME 			View 			Ino2p 			WYTTCAYRTGS 			TRANSFAC 			MEME 			View 			Ino2p 			CACATGC 			TRANSFAC 			MEME 			View 			Swi5p 			ACCAGC 			TRANSFAC 			MEME 			View 			Ume6p 			TAGCCGCCGA 			TRANSFAC 			MEME 			View 			Ume6p 			TAGGCGGC 			TRANSFAC 			MEME 			View 			Ume6p 			TCGGCGGCT 			TRANSFAC 			MEME 			View 			Ume6p 			TGGGTGGCTA 			TRANSFAC 			MEME 			View 			Upc2p 			TCGTATA 			TRANSFAC 			MEME 			View 			Upc2p 			TCGTTYAG 			TRANSFAC 			MEME 			View 			Upc2p 			TCGTWCC 			TRANSFAC 			MEME 			View 			Upc2p 			TATACGA 			TRANSFAC 			MEME 			View 			Upc2p 			TAAACGA 			TRANSFAC 			MEME 			View 			Adr1p 			TTGGRGN{6,38}CYCCAA 			TRANSFAC 			MEME 			View 			Adr1p 			TTGGRG 			TRANSFAC 			MEME 			View 			Met32p 			AAACTGTGG 			TRANSFAC 			MEME 			View 			Met32p 			AAACTGTG 			TRANSFAC 			MEME 			View 			Met32p 			CTGTGGC 			TRANSFAC 			MEME 			View 			Sum1p 			GNCRCAAAW 			TRANSFAC 			MEME 			View 			Cad1p 			TTACTAA 			TRANSFAC 			MEME 			View 			Stp1p 			CGGCTC 			TRANSFAC 			MEME 			View 			Stp1p 			CGGCN{6}CGGC 			TRANSFAC 			MEME 			View 			Stp1p 			RYRCGGCRC 			TRANSFAC 			MEME 			View 			Gcn4p 			TTACGTAA 			TRANSFAC 			MEME 			View 			Gcn4p 			TGATTCA 			TRANSFAC 			MEME 			View 			Gcn4p 			TGACTGA 			TRANSFAC 			MEME 			View 			Gcn4p 			TGACTMT 			TRANSFAC 			MEME 			View 			Gcn4p 			RRTGACTC 			TRANSFAC 			MEME 			View 			Gcn4p 			TGACTC 			TRANSFAC 			MEME 			View 			Gcn4p 			TGASTCA 			TRANSFAC 			MEME 			View 			Gcn4p 			TTGCGCAA 			TRANSFAC 			MEME 			View 			Gcn4p 			TTGCGTGA 			TRANSFAC 			MEME 			View 			Gcn4p 			GCACGTAG 			TRANSFAC 			MEME 			View 			Gcn4p 			CACGTG 			TRANSFAC 			MEME 			View 			Mig3p 			AATTRTCCGGGG 			TRANSFAC 			MEME 			View 			Mig3p 			TATAGTGCGGGG 			TRANSFAC 			MEME 			View 			Mig3p 			ATTTTTGTGGGG 			TRANSFAC 			MEME 			View 			Mig3p 			GAATAYCTGGGG 			TRANSFAC 			MEME 			View 			Mig3p 			TTATTTCTGGGG 			TRANSFAC 			MEME 			View 			Mig3p 			TAAAAGCCGGGG 			TRANSFAC 			MEME 			View 			Mig3p 			TTAAAAGCGGGG 			TRANSFAC 			MEME 			View 			Mig3p 			TTAAACGTGGGG 			TRANSFAC 			MEME 			View 			Mig3p 			ATAAAACTGGGG 			TRANSFAC 			MEME 			View 			Mig3p 			ATAAACGCGGGG 			TRANSFAC 			MEME 			View 			Mig3p 			ATTAATGTGGGG 			TRANSFAC 			MEME 			View 			Mig3p 			AAAAATGCGGGG 			TRANSFAC 			MEME 			View 			Mig3p 			ATTTTGCGGGG 			TRANSFAC 			MEME 			View 			Gln3p 			GATAAG 			TRANSFAC 			MEME 			View 			Gln3p 			GATTAG 			TRANSFAC 			MEME 			View 			Aca1p 			TGACGTCA 			TRANSFAC 			MEME 			View 			Aca1p 			TTACGTAA 			TRANSFAC 			MEME 			View 			Mot2p 			ATATA 			TRANSFAC 			MEME 			View 			Flo8p 			TTTGCN{97}GCAAA 			TRANSFAC 			MEME 			View 			Flo8p 			CGGGGTTTTCT 			TRANSFAC 			MEME 			View 			Swi4p 			CACGAAA 			TRANSFAC 			MEME 			View 			Swi4p 			TTTTCGCT 			TRANSFAC 			MEME 			View 			Com2p 			AGGGG 			TRANSFAC 			MEME 			View 			Com2p 			TCAGGGGT 			TRANSFAC 			MEME 			View 			Com2p 			AATAGGAG 			TRANSFAC 			MEME 			View 			Com2p 			ATAGGGG 			TRANSFAC 			MEME 			View 			Com2p 			ATAGGAG 			TRANSFAC 			MEME 			View 			Com2p 			ATAGGGT 			TRANSFAC 			MEME 			View 			Rph1p 			CCCCT 			TRANSFAC 			MEME 			View 			Rph1p 			AGGGG 			TRANSFAC 			MEME 			View 			Znf1p 			CGGN{9}CGG 			TRANSFAC 			MEME 			View 			Hac1p 			CAGCGTG 			TRANSFAC 			MEME 			View 			Hac1p 			ATGGTATCAT 			TRANSFAC 			MEME 			View 			Hac1p 			TGACGTCA 			TRANSFAC 			MEME 			View 			Hac1p 			CCAGC 			TRANSFAC 			MEME 			View 			Gat1p 			GATAAG 			TRANSFAC 			MEME 			View 			Pho4p 			CACGTK 			TRANSFAC 			MEME 			View 			Pho4p 			CACGTGGG 			TRANSFAC 			MEME 			View 			Fzf1p 			CGTATCGTATAAGGCAACAATAG 			TRANSFAC 			MEME 			View 			Fzf1p 			YGSMNMCTATCAYTTYY 			TRANSFAC 			MEME 			View 			Hap2p 			TNATTGGT 			TRANSFAC 			MEME 			View 			Mig2p 			AATTRTCCGGGG 			TRANSFAC 			MEME 			View 			Mig2p 			TATAGTGCGGGG 			TRANSFAC 			MEME 			View 			Mig2p 			ATTTTTGTGGGG 			TRANSFAC 			MEME 			View 			Mig2p 			GAATAYCTGGGG 			TRANSFAC 			MEME 			View 			Mig2p 			TTATTTCTGGGG 			TRANSFAC 			MEME 			View 			Mig2p 			TAAAAGCCGGGG 			TRANSFAC 			MEME 			View 			Mig2p 			TTAAAAGCGGGG 			TRANSFAC 			MEME 			View 			Mig2p 			TTAAACGTGGGG 			TRANSFAC 			MEME 			View 			Mig2p 			ATAAAACTGGGG 			TRANSFAC 			MEME 			View 			Mig2p 			ATAAACGCGGGG 			TRANSFAC 			MEME 			View 			Mig2p 			ATTAATGTGGGG 			TRANSFAC 			MEME 			View 			Mig2p 			AAAAATGCGGGG 			TRANSFAC 			MEME 			View 			Mig2p 			ATTTTGCGGGG 			TRANSFAC 			MEME 			View 			Mig2p 			CCCCRC 			TRANSFAC 			MEME 			View 			Cup2p 			HTHNNGCTGD 			TRANSFAC 			MEME 			View 			Cup2p 			GCGTCTTTTCCGCTGA 			TRANSFAC 			MEME 			View 			Cup2p 			TCTTTTGCTG 			TRANSFAC 			MEME 			View 			Cup2p 			TCTTTTTGCTG 			TRANSFAC 			MEME 			View 			Cup2p 			TCTTTTTTGCTG 			TRANSFAC 			MEME 			View 			Hsf1p 			NGAANNTTCN 			TRANSFAC 			MEME 			View 			Hsf1p 			NTTCNNGAAN 			TRANSFAC 			MEME 			View 			Hsf1p 			NGAANNTTCNNGAAN 			TRANSFAC 			MEME 			View 			Hsf1p 			NGAANNNNNNNGAANNNNNNNGAAN 			TRANSFAC 			MEME 			View 			Hsf1p 			CTTCATGAAA 			TRANSFAC 			MEME 			View 			Hsf1p 			TTCTAGAANNTTCTAGAA 			TRANSFAC 			MEME 			View 			Hsf1p 			TTCNNGAA 			TRANSFAC 			MEME 			View 			Hsf1p 			TTCNNGAANNTTC 			TRANSFAC 			MEME 			View 			Hsf1p 			GAANNTTCNNGAA 			TRANSFAC 			MEME 			View 			Hsf1p 			TTCNNGAANNTTCNNGAA 			TRANSFAC 			MEME 			View 			Hsf1p 			TTCNNGAANNNNNNNGAA 			TRANSFAC 			MEME 			View 			Hsf1p 			TTCNNNNNNNTTCNNGAA 			TRANSFAC 			MEME 			View 			Hsf1p 			TTCNNNNNNNTTCNNNNNNNTTC 			TRANSFAC 			MEME 			View 			Hsf1p 			GAANNNNNNNGAANNNNNNNGAA 			TRANSFAC 			MEME 			View 			Hsf1p 			TTCTTCNNNNNNNTTC 			TRANSFAC 			MEME 			View 			Aft1p 			YRCACCCR 			TRANSFAC 			MEME 			View 			Aft1p 			TGCACCC 			TRANSFAC 			MEME 			View 			Aft1p 			GGCACCC 			TRANSFAC 			MEME 			View 			Aft1p 			TGCACCCA 			TRANSFAC 			MEME 			View 			Mig1p 			AATTRTCCGGGG 			TRANSFAC 			MEME 			View 			Mig1p 			TATAGTGCGGGG 			TRANSFAC 			MEME 			View 			Mig1p 			ATTTTTGTGGGG 			TRANSFAC 			MEME 			View 			Mig1p 			GAATAYCTGGGG 			TRANSFAC 			MEME 			View 			Mig1p 			TTATTTCTGGGG 			TRANSFAC 			MEME 			View 			Mig1p 			TAAAAGCCGGGG 			TRANSFAC 			MEME 			View 			Mig1p 			TTAAAAGCGGGG 			TRANSFAC 			MEME 			View 			Mig1p 			TTAAACGTGGGG 			TRANSFAC 			MEME 			View 			Mig1p 			ATAAAACTGGGG 			TRANSFAC 			MEME 			View 			Mig1p 			ATAAACGCGGGG 			TRANSFAC 			MEME 			View 			Mig1p 			ATTAATGTGGGG 			TRANSFAC 			MEME 			View 			Mig1p 			AAAAATGCGGGG 			TRANSFAC 			MEME 			View 			Mig1p 			ATTTTGCGGGG 			TRANSFAC 			MEME 			View 			Mig1p 			CCCCRC 			TRANSFAC 			MEME 			View 			Mig1p 			SYGGRG 			TRANSFAC 			MEME 			View 			Pdr1p 			TCCGCGGA 			TRANSFAC 			MEME 			View 			Pdr1p 			TCCGTGGA 			TRANSFAC 			MEME 			View 			Pdr1p 			TCCACGGA 			TRANSFAC 			MEME 			View 			Pdr1p 			TCCGCGCA 			TRANSFAC 			MEME 			View 			Pdr1p 			TCCGCGGG 			TRANSFAC 			MEME 			View 			Rme1p 			GTACCACAAAA 			TRANSFAC 			MEME 			View 			Rme1p 			GTACCTCAAAA 			TRANSFAC 			MEME 			View 			Rme1p 			GAACCTCAARA 			TRANSFAC 			MEME 			View 			Rim101p 			TGCCAAG 			TRANSFAC 			MEME 			View 			Rim101p 			CTTGGCR 			TRANSFAC 			MEME 			View 			Yap3p 			TTACTAA 			TRANSFAC 			MEME 			View 			Yap3p 			TGACTCA 			TRANSFAC 			MEME 			View 			Yap3p 			ATTACGTAAT 			TRANSFAC 			MEME 			View 			Stp2p 			CGGCTC 			TRANSFAC 			MEME 			View 			Stp2p 			CGGGGTGNNNNNNNCGCACCG 			TRANSFAC 			MEME 			View 			Stp2p 			CNCACCNG 			TRANSFAC 			MEME 			View 			Ste12p 			TGAAACA 			TRANSFAC 			MEME 			View 			Ste12p 			MTGAAACA 			TRANSFAC 			MEME 			View 			Ste12p 			ATGAAACA 			TRANSFAC 			MEME 			View 			Ste12p 			GGAAACA 			TRANSFAC 			MEME 			View 			Ste12p 			TGTTTCAN{21}GGAAACG 			TRANSFAC 			MEME 			View 			Ste12p 			TGTTTCCN{18}TGTTTCT 			TRANSFAC 			MEME 			View 			Ste12p 			ATAAAACA 			TRANSFAC 			MEME 			View 			Ste12p 			ATGCAACA 			TRANSFAC 			MEME 			View 			Ste12p 			ATGAAACAATGAAACA 			TRANSFAC 			MEME 			View 			Ste12p 			TTGAAACAATGAAACA 			TRANSFAC 			MEME 			View 			Ste12p 			ATGAAACAATGAGACA 			TRANSFAC 			MEME 			View 			Ste12p 			ATGAAACAATGAAACG 			TRANSFAC 			MEME 			View 			Ste12p 			TTGAAACAATGAAACG 			TRANSFAC 			MEME 			View 			Ste12p 			CGTTTCAAAATGAAACA 			TRANSFAC 			MEME 			View 			Ste12p 			ATGAACAN{3}ATGAAACA 			TRANSFAC 			MEME 			View 			Ste12p 			ATGAACAN{40}ATGAAACA 			TRANSFAC 			MEME 			View 			Ste12p 			CGTTTCAN{40}ATGAAACA 			TRANSFAC 			MEME 			View 			Ste12p 			TGTTTCA 			TRANSFAC 			MEME 			View 			Ste12p 			GTTTCANNNTGAAAC 			TRANSFAC 			MEME 			View 			Ndt80p 			GNCRCAAAW 			TRANSFAC 			MEME 			View 			Ndt80p 			CACAAA 			TRANSFAC 			MEME 			View 			Rof1p 			TTAAGGTT 			TRANSFAC 			MEME 			View 			Stb5p 			TCTCCGCGAAC 			TRANSFAC 			MEME 			View 			Stb5p 			CGGNS 			TRANSFAC 			MEME 			View 			Skn7p 			GGCYGGC 			TRANSFAC 			MEME 			View 			Skn7p 			AGAACGTTC 			TRANSFAC 			MEME 			View 			Skn7p 			ATTTGGYTGGGCC 			TRANSFAC 			MEME 			View 			Skn7p 			GGCGAGATCT 			TRANSFAC 			MEME 			View 			Skn7p 			GGCCCAGA 			TRANSFAC 			MEME 			View 			Skn7p 			GGCCGGC 			TRANSFAC 			MEME 			View 			Skn7p 			GGCCAGA 			TRANSFAC 			MEME 			View 			Skn7p 			GGCTGGC 			TRANSFAC 			MEME 			View 			Skn7p 			GGCCR 			TRANSFAC 			MEME 			View 			Fkh1p 			GTMAACAA 			TRANSFAC 			MEME 			View 			Fkh1p 			RTAAAYAA 			TRANSFAC 			MEME 			View 			Fkh1p 			RYMAAYA 			TRANSFAC 			MEME 			View 			Fkh1p 			RYAAACAWW 			TRANSFAC 			MEME 			View 			Fkh1p 			AAACA 			TRANSFAC 			MEME 			View 			Xbp1p 			CTCGA 			TRANSFAC 			MEME 			View 			Cst6p 			TGACGTCA 			TRANSFAC 			MEME 			View 			Cst6p 			TTACGTAA 			TRANSFAC 			MEME 			View 			Cst6p 			GTGACGT 			TRANSFAC 			MEME 			View 			Yap5p 			TTACTAA 			TRANSFAC 			MEME 			View 			Dal81p 			SAAAWNTGCGBT 			TRANSFAC 			MEME 			View 			Dal81p 			GAAAATTGCGTT 			TRANSFAC 			MEME 			View 			Dal81p 			CGGCN{6}GCCG 			TRANSFAC 			MEME 			View 			Gzf3p 			GATAAG 			TRANSFAC 			MEME 			View 			Gsm1p 			CGGNNNNNNNNCGG 			TRANSFAC 			MEME 			View 			Gsm1p 			CGGNNNNNNNNNCGG 			TRANSFAC 			MEME 			View 			Cbf1p 			RTCACGTG 			TRANSFAC 			MEME 			View 			Cbf1p 			RTCACRTG 			TRANSFAC 			MEME 			View 			Cbf1p 			TCACGTT 			TRANSFAC 			MEME 			View 			Cbf1p 			CACGTG 			TRANSFAC 			MEME 			View 			Ime1p 			TTTTCHHCG 			TRANSFAC 			MEME 			View 			Ash1p 			YTGAT 			TRANSFAC 			MEME 			View 			Abf1p 			AGCCGTAAATAGTTATCTTCCAAG 			TRANSFAC 			MEME 			View 			Abf1p 			RTCRYYYN{3}ACG 			TRANSFAC 			MEME 			View 			Abf1p 			RTCRYBN{4}ACG 			TRANSFAC 			MEME 			View 			Abf1p 			TCN{7}ACG 			TRANSFAC 			MEME 			View 			Abf1p 			RTCRN{6}ACGNR 			TRANSFAC 			MEME 			View 			Abf1p 			TCRTN{5}AYGA 			TRANSFAC 			MEME 			View 			Abf1p 			TNNCGTNNNNNNTGAT 			TRANSFAC 			MEME 			View 			Hap4p 			TNATTGGT 			TRANSFAC 			MEME 			View 			Msn4p 			CCCCT 			TRANSFAC 			MEME 			View 			Msn4p 			AGGGG 			TRANSFAC 			MEME 			View 			Rgt1p 			CGGANNA 			TRANSFAC 			MEME 			View 			Ixr1p 			KTTSAAYKGTTYASA 			TRANSFAC 			MEME 			View 			Put3p 			CGGN{10}CCG 			TRANSFAC 			MEME 			View 			Dal80p 			GATAAGN{15,20}GATAAG 			TRANSFAC 			MEME 			View 			Bas1p 			TGACTC 			TRANSFAC 			MEME 			View 			Ppr1p 			CGGN{6}CCG 			TRANSFAC 			MEME 			View 			Cha4p 			CGGN{10}CCG 			TRANSFAC 			MEME 			View 			Cha4p 			CGGN{10}CCA 			TRANSFAC 			MEME 			View 			Ace2p 			ACCAGC 			TRANSFAC 			MEME 			View 			Rfx1p 			TCGCCATGGCAAC 			TRANSFAC 			MEME 			View 			Rfx1p 			TTGCCATGGCAAC 			TRANSFAC 			MEME 			View 			Rfx1p 			TCGCCATGACAAC 			TRANSFAC 			MEME 			View 			Rfx1p 			CTATTGCTGCAAC 			TRANSFAC 			MEME 			View 			Rfx1p 			TCTCTGTGGCAAC 			TRANSFAC 			MEME 			View 			Rfx1p 			TTGTCACAGCAAC 			TRANSFAC 			MEME 			View 			Rfx1p 			TTGTCGCAGCAAC 			TRANSFAC 			MEME 			View 			Rfx1p 			TTGTTGTGGCAAC 			TRANSFAC 			MEME 			View 			Rfx1p 			TTTCCACAGCAAC 			TRANSFAC 			MEME 			View 			Rfx1p 			TYGCCATGCCAAC 			TRANSFAC 			MEME 			View 			Ecm22p 			TCGTATA 			TRANSFAC 			MEME 			View 			Hap1p 			CGGN{3}TANCGG 			TRANSFAC 			MEME 			View 			Hap1p 			CGGN{6}CGG 			TRANSFAC 			MEME 			View 			Hap1p 			CGGN{3}TANCGGN{3}TA 			TRANSFAC 			MEME 			View 			Hap1p 			TCGCGTTCATATATATCGGATATACTCTTGAGGCACAATT 			TRANSFAC 			MEME 			View 			Hap1p 			CGCATTTATCGC 			TRANSFAC 			MEME 			View 			Hap1p 			CCGNTATNTCC 			TRANSFAC 			MEME 			View 			Hap1p 			CCGATA 			TRANSFAC 			MEME 			View 			Hap1p 			CCGXTATXTCC 			TRANSFAC 			MEME 			View 			Pdr8p 			TCCGHGGA 			TRANSFAC 			MEME 			View 			Leu3p 			CCGN{4}CGG 			TRANSFAC 			MEME 			View 			Leu3p 			CCGGNNCCGG 			TRANSFAC 			MEME 			View 			Leu3p 			CCGTTAACGG 			TRANSFAC 			MEME 			View 			Arg81p 			WWN{3}YARNHN{3}VVCGR 			TRANSFAC 			MEME 			View 			Arg81p 			AAGTACAGTTAATAACGA 			TRANSFAC 			MEME 			View 			Arg81p 			AAGTACAGTTAATAACGG 			TRANSFAC 			MEME 			View 			Arg81p 			AAGTGCAACTGACTGCGA 			TRANSFAC 			MEME 			View 			Arg81p 			AATGGAAATGGATAGCGA 			TRANSFAC 			MEME 			View 			Tda9p 			GAGGGG 			TRANSFAC 			MEME 			View 			War1p 			CGGN{23}CCG 			TRANSFAC 			MEME 			View 			Yap1p 			TTACTAA 			TRANSFAC 			MEME 			View 			Yap1p 			TGACTCA 			TRANSFAC 			MEME 			View 			Yap1p 			TGACTAA 			TRANSFAC 			MEME 			View 			Yap1p 			TKACAAA 			TRANSFAC 			MEME 			View 			Yap1p 			TTACTCA 			TRANSFAC 			MEME 			View 			Yap1p 			TGACAA 			TRANSFAC 			MEME 			View 			Stb4p 			YTCGGAA 			TRANSFAC 			MEME 			View 			Mac1p 			TTTGCKCR 			TRANSFAC 			MEME 			View 			Mac1p 			WWWTTTGCTCR 			TRANSFAC 			MEME 			View 			Msn2p 			CCCCT 			TRANSFAC 			MEME 			View 			Msn2p 			RGGGG 			TRANSFAC 			MEME 			View 			Msn2p 			AGGGG 			TRANSFAC 			MEME 			View 			Msn2p 			TCAGGGGT 			TRANSFAC 			MEME 			View 			Msn2p 			AACGGGGT 			TRANSFAC 			MEME 			View 			Arg80p 			CCTCTAAAGG 			TRANSFAC 			MEME 			View 			Mcm1p 			TTACCNAATTNGGTAA 			TRANSFAC 			MEME 			View 			Mcm1p 			TTWCCYAAWNNGGWAAWW 			TRANSFAC 			MEME 			View 			Mcm1p 			DCCYWWWNNRG 			TRANSFAC 			MEME 			View 			Mcm1p 			CCYWWWNNRG 			TRANSFAC 			MEME 			View 			Mcm1p 			CCTAATTAGG 			TRANSFAC 			MEME 			View 			Mot3p 			WAGGTA 			TRANSFAC 			MEME 			View 			Mot3p 			CAGGYA 			TRANSFAC 			MEME 			View 			Mot3p 			AAGAGG 			TRANSFAC 			MEME 			View 			Mot3p 			ATGGAT 			TRANSFAC 			MEME 			View 			Mot3p 			TAGGTA 			TRANSFAC 			MEME 			View 			Mot3p 			TAGGAT 			TRANSFAC 			MEME 			View 			Mot3p 			TMGGAA 			TRANSFAC 			MEME 			View 			Mot3p 			AAGGKA 			TRANSFAC 			MEME 			View 			Mot3p 			AAGGWT 			TRANSFAC 			MEME 			View 			Mss11p 			TTTGCN{97}GCAAA 			TRANSFAC 			MEME 			View 			Hot1p 			GGGACAAA 			TRANSFAC 			MEME 			View 			Hot1p 			CATTTGGC 			TRANSFAC 			MEME 			View 			Hot1p 			CACTTTGAC 			TRANSFAC 			MEME 			View 			Cat8p 			NCCDTYNVNCCGN 			TRANSFAC 			MEME 			View 			Cat8p 			YCCNYTNRRCCGN 			TRANSFAC 			MEME 			View 			Dal82p 			SAAAWNTGCGBT 			TRANSFAC 			MEME 			View 			Dal82p 			GAAAATTGCGTT 			TRANSFAC 			MEME 			View 			Rap1p 			ACACCCRYACAY 			TRANSFAC 			MEME 			View 			Rap1p 			ACACCCAYACAYYY 			TRANSFAC 			MEME 			View 			Sko1p 			TGACGTTT 			TRANSFAC 			MEME 			View 			Sko1p 			TGACGTCA 			TRANSFAC 			MEME 			View 			Sko1p 			TTACGTAA 			TRANSFAC 			MEME 			View 			Sko1p 			ATGACGTA 			TRANSFAC 			MEME 			View 			Met4p 			TCACGTG 			TRANSFAC 			MEME 			View 			Fkh2p 			GTMAACAA 			TRANSFAC 			MEME 			View 			Fkh2p 			RTAAAYAA 			TRANSFAC 			MEME 			View 			Fkh2p 			RYMAAYA 			TRANSFAC 			MEME 			View 			Fkh2p 			RYAAACAWW 			TRANSFAC 			MEME 			View 			Fkh2p 			AAACA 			TRANSFAC 			MEME 			View 			Crz1p 			CACCAGTCGGTGGCTGTGCGCTTG 			TRANSFAC 			MEME 			View 			Crz1p 			GAATGGCTG 			TRANSFAC 			MEME 			View 			Crz1p 			GGGTGGCTG 			TRANSFAC 			MEME 			View 			Crz1p 			GNGGCKCA 			TRANSFAC 			MEME 			View 			Crz1p 			GGGGCTG 			TRANSFAC 			MEME 			View 			Crz1p 			GAGCCC 			TRANSFAC 			MEME 			View 			Crz1p 			CAGCCAC 			TRANSFAC 			MEME 			View 			Ino4p 			ATGTGAAAT 			TRANSFAC 			MEME 			View 			Ino4p 			CATGTGAAAT 			TRANSFAC 			MEME 			View 			Ino4p 			WYTTCAYRTGS 			TRANSFAC 			MEME 			View 			Ino4p 			TYTTCACATGY 			TRANSFAC 			MEME 			View 			Ino4p 			CACATGC 			TRANSFAC 			MEME 			View 			Rtg1p 			GTCAC 			TRANSFAC 			MEME 			View 			Rtg1p 			GGTAC 			TRANSFAC 			MEME 			View 			Cin5p 			TTACTAA 			TRANSFAC 			MEME 			View 			Azf1p 			AAGAAAAA 			TRANSFAC 			MEME 			View 			Azf1p 			AAAAGAAA 			TRANSFAC 			MEME 			View 			Sfl1p 			AGAANTTCC 			TRANSFAC 			MEME 			View 			Yrr1p 			WCCGYKKWW 			TRANSFAC 			MEME 			View 			Tea1p 			CGGN{10}CCG 			TRANSFAC 			MEME 			View 			Tye7p 			TCACGTG 			TRANSFAC 			MEME 			View 			Hap5p 			TNATTGGT 			TRANSFAC 			MEME 			View 			Pip2p 			CGGN{3}TNRN{8,12}CCG 			TRANSFAC 			MEME 			View 			Pip2p 			CCGNNNTA 			TRANSFAC 			MEME 			View 			Gal4p 			CGGN{11}CCG 			TRANSFAC 			MEME 			View 			Usv1p 			AGGGG 			TRANSFAC 			MEME 			View 			Usv1p 			TCAGGGGT 			TRANSFAC 			MEME 			View 			Usv1p 			TCAGGTAC 			TRANSFAC 			MEME 			View 			Aft2p 			YRCACCCR 			TRANSFAC 			MEME 			View 			Aft2p 			TGCACCC 			TRANSFAC 			MEME 			View 			Aft2p 			GGCACCC 			TRANSFAC 			MEME 			View 			Aft2p 			CGCACCC 			TRANSFAC 			MEME 			View 			Rlm1p 			CTAWWWWTAG 			TRANSFAC 			MEME 			View 			Rlm1p 			TAWWWWTAGM 			TRANSFAC 			MEME 			View 			Gcr1p 			CTTCC 			TRANSFAC 			MEME 			View 			Gcr1p 			CWTCC 			TRANSFAC 			MEME 			View 			Met31p 			AAACTGTGG 			TRANSFAC 			MEME 			View 			Met31p 			AAACTGTG 			TRANSFAC 			MEME 			View 			Met31p 			CTGTGGC 			TRANSFAC 			MEME 			View 			Haa1p 			GGCGAGGGG 			TRANSFAC 			MEME 			View 			Haa1p 			GGCGAGAGG 			TRANSFAC 			MEME 			View 			Haa1p 			GGCGCGGGG 			TRANSFAC 			MEME 			View 			Haa1p 			GGCCAGGGG 			TRANSFAC 			MEME 			View 			Haa1p 			AGCGAGGGG 			TRANSFAC 			MEME 			View 			Haa1p 			SMGGSG 			TRANSFAC 			MEME 			View 			Haa1p 			GAGGCG 			TRANSFAC 			MEME 			View 			Rox1p 			TCTATTGTTTCCC 			TRANSFAC 			MEME 			View 			Rox1p 			YYYATTGTTCTC 			TRANSFAC 			MEME 			View 			Rox1p 			ACAAT 			TRANSFAC 			MEME 			View 			Arr1p 			TGATTACTAATCA 			TRANSFAC 			MEME 			View 			Arr1p 			TGATTAATAATCA 			TRANSFAC 			MEME 			View 			Oaf1p 			CGGN{3}TNRN{8,12}CCG 			TRANSFAC 			MEME 			View 			Oaf1p 			CGGNNNTAA 			TRANSFAC 			MEME 			View 			Rtg3p 			GTCAC 			TRANSFAC 			MEME 			View 			Rtg3p 			GGTAC 			TRANSFAC 			MEME 			View 			Hap3p 			TNATTGGT 			TRANSFAC 			MEME 			View 			Pdr3p 			TCCGCGGA 			TRANSFAC 			MEME 			View 			Pdr3p 			TCCGTGGA 			TRANSFAC 			MEME 			View 			Pdr3p 			TCCACGGA 			TRANSFAC 			MEME 			View 			Pdr3p 			TCCGCGCA 			TRANSFAC 			MEME 			View 			Pdr3p 			TCCGCGGG 			TRANSFAC 			MEME 			View 			Pdr3p 			TTCCGCGGAW 			TRANSFAC 			MEME 			View 			Reb1p 			CCGGGTAA 			TRANSFAC 			MEME 			View 			Reb1p 			TGTTACCCGT 			TRANSFAC 			MEME 			View 			Reb1p 			CCGGGTGGAT 			TRANSFAC 			MEME 			View 			Nrg2p 			MAGGGTCC 			TRANSFAC 			MEME 			View 			Tec1p 			TTCTCACATTCTTC 			TRANSFAC 			MEME 			View 			Tec1p 			CATTCT 			TRANSFAC 			MEME 			View 			Tec1p 			CATTCC 			TRANSFAC 			MEME 			View 			Tec1p 			CATTCTT 			TRANSFAC 			MEME 			View 			Tec1p 			RMATTCYY 			TRANSFAC 			MEME 			View 			Tec1p 			ACATTCTTACATTCTT 			TRANSFAC 			MEME 			View 			Tec1p 			GAATGT 			TRANSFAC 			MEME 			View 			Tec1p 			RGAATGT 			TRANSFAC 			MEME 			View 			Sip4p 			TCCATTSRTCCGR 			TRANSFAC 			MEME 			View 			Sip4p 			NCCDTYNVNCCGN 			TRANSFAC 			MEME 			View 			Sip4p 			YCCNYTNRRCCGN 			TRANSFAC 			MEME 			View 			Zap1p 			ACCYYNAAGGT 			TRANSFAC 			MEME 			View 			Zap1p 			ACCGTCACTGC 			TRANSFAC 			MEME 			View 			Zap1p 			TTCTTTATGGT 			TRANSFAC 			MEME 			View 			Zap1p 			ATAACC 			TRANSFAC 			MEME 			View 			Zap1p 			ACCTTNAAGGT 			TRANSFAC 			MEME 			View 			Zap1p 			ACCTTGAAGGT 			TRANSFAC 			MEME 			View 			Mal63p 			MGCN{9}MGS 			TRANSFAC 			MEME 			View 			Mal63p 			CGGN{9}CGG 			TRANSFAC 			MEME 			View 			Mal63p 			CGCN{9}CGC 			TRANSFAC 			MEME 			View 			Mal63p 			CGGN{9}CGC 			TRANSFAC 			MEME 			View",Transcription Factor,Consensus,Position-specific Weight Matrix,Reference
Transcription Factor,Consensus,Position-specific Weight Matrix,Reference,
Smp1p,ACTACTAWWWWTAG,TRANSFAC,MEME,View
Kar4p,YAANNCAAANNCNGNYT,TRANSFAC,MEME,View
Kar4p,CTAANNCAAANNCNGNYT,TRANSFAC,MEME,View
Kar4p,TTAANNCAAANNCNGNYT,TRANSFAC,MEME,View
Hcm1p,WAAYAAACAAW,TRANSFAC,MEME,View
Rds1p,BCGGCCG,TRANSFAC,MEME,View
Uga3p,SGCGGNWTTT,TRANSFAC,MEME,View
Pho2p,WTAWTW,TRANSFAC,MEME,View
Mbp1p,ACGCGT,TRANSFAC,MEME,View
Rpn4p,GGTGGCAAA,TRANSFAC,MEME,View
Lys14p,TCCRNYGGA,TRANSFAC,MEME,View
Nrg1p,CCCCT,TRANSFAC,MEME,View
Nrg1p,CCCTC,TRANSFAC,MEME,View
Nrg1p,GGACCCT,TRANSFAC,MEME,View
Gis1p,TWAGGGAT,TRANSFAC,MEME,View
Gis1p,AGGGG,TRANSFAC,MEME,View
Ino2p,ATGTGAAAT,TRANSFAC,MEME,View
Ino2p,CATGTGAAAT,TRANSFAC,MEME,View
Ino2p,WYTTCAYRTGS,TRANSFAC,MEME,View
Ino2p,CACATGC,TRANSFAC,MEME,View
Swi5p,ACCAGC,TRANSFAC,MEME,View
Ume6p,TAGCCGCCGA,TRANSFAC,MEME,View
Ume6p,TAGGCGGC,TRANSFAC,MEME,View
Ume6p,TCGGCGGCT,TRANSFAC,MEME,View
Ume6p,TGGGTGGCTA,TRANSFAC,MEME,View
Upc2p,TCGTATA,TRANSFAC,MEME,View
Upc2p,TCGTTYAG,TRANSFAC,MEME,View
Upc2p,TCGTWCC,TRANSFAC,MEME,View
Upc2p,TATACGA,TRANSFAC,MEME,View
Upc2p,TAAACGA,TRANSFAC,MEME,View
Adr1p,"TTGGRGN{6,38}CYCCAA",TRANSFAC,MEME,View
Adr1p,TTGGRG,TRANSFAC,MEME,View
Met32p,AAACTGTGG,TRANSFAC,MEME,View
Met32p,AAACTGTG,TRANSFAC,MEME,View
Met32p,CTGTGGC,TRANSFAC,MEME,View
Sum1p,GNCRCAAAW,TRANSFAC,MEME,View
Cad1p,TTACTAA,TRANSFAC,MEME,View
Stp1p,CGGCTC,TRANSFAC,MEME,View
Stp1p,CGGCN{6}CGGC,TRANSFAC,MEME,View
Stp1p,RYRCGGCRC,TRANSFAC,MEME,View
Gcn4p,TTACGTAA,TRANSFAC,MEME,View
Gcn4p,TGATTCA,TRANSFAC,MEME,View
Gcn4p,TGACTGA,TRANSFAC,MEME,View
Gcn4p,TGACTMT,TRANSFAC,MEME,View
Gcn4p,RRTGACTC,TRANSFAC,MEME,View
Gcn4p,TGACTC,TRANSFAC,MEME,View
Gcn4p,TGASTCA,TRANSFAC,MEME,View
Gcn4p,TTGCGCAA,TRANSFAC,MEME,View
Gcn4p,TTGCGTGA,TRANSFAC,MEME,View
Gcn4p,GCACGTAG,TRANSFAC,MEME,View
Gcn4p,CACGTG,TRANSFAC,MEME,View
Mig3p,AATTRTCCGGGG,TRANSFAC,MEME,View
Mig3p,TATAGTGCGGGG,TRANSFAC,MEME,View
Mig3p,ATTTTTGTGGGG,TRANSFAC,MEME,View
Mig3p,GAATAYCTGGGG,TRANSFAC,MEME,View
Mig3p,TTATTTCTGGGG,TRANSFAC,MEME,View
Mig3p,TAAAAGCCGGGG,TRANSFAC,MEME,View
Mig3p,TTAAAAGCGGGG,TRANSFAC,MEME,View
Mig3p,TTAAACGTGGGG,TRANSFAC,MEME,View
Mig3p,ATAAAACTGGGG,TRANSFAC,MEME,View
Mig3p,ATAAACGCGGGG,TRANSFAC,MEME,View
Mig3p,ATTAATGTGGGG,TRANSFAC,MEME,View
Mig3p,AAAAATGCGGGG,TRANSFAC,MEME,View
Mig3p,ATTTTGCGGGG,TRANSFAC,MEME,View
Gln3p,GATAAG,TRANSFAC,MEME,View
Gln3p,GATTAG,TRANSFAC,MEME,View
Aca1p,TGACGTCA,TRANSFAC,MEME,View
Aca1p,TTACGTAA,TRANSFAC,MEME,View
Mot2p,ATATA,TRANSFAC,MEME,View
Flo8p,TTTGCN{97}GCAAA,TRANSFAC,MEME,View
Flo8p,CGGGGTTTTCT,TRANSFAC,MEME,View
Swi4p,CACGAAA,TRANSFAC,MEME,View
Swi4p,TTTTCGCT,TRANSFAC,MEME,View
Com2p,AGGGG,TRANSFAC,MEME,View
Com2p,TCAGGGGT,TRANSFAC,MEME,View
Com2p,AATAGGAG,TRANSFAC,MEME,View
Com2p,ATAGGGG,TRANSFAC,MEME,View
Com2p,ATAGGAG,TRANSFAC,MEME,View
Com2p,ATAGGGT,TRANSFAC,MEME,View
Rph1p,CCCCT,TRANSFAC,MEME,View
Rph1p,AGGGG,TRANSFAC,MEME,View
Znf1p,CGGN{9}CGG,TRANSFAC,MEME,View
Hac1p,CAGCGTG,TRANSFAC,MEME,View
Hac1p,ATGGTATCAT,TRANSFAC,MEME,View
Hac1p,TGACGTCA,TRANSFAC,MEME,View
Hac1p,CCAGC,TRANSFAC,MEME,View
Gat1p,GATAAG,TRANSFAC,MEME,View
Pho4p,CACGTK,TRANSFAC,MEME,View
Pho4p,CACGTGGG,TRANSFAC,MEME,View
Fzf1p,CGTATCGTATAAGGCAACAATAG,TRANSFAC,MEME,View
Fzf1p,YGSMNMCTATCAYTTYY,TRANSFAC,MEME,View
Hap2p,TNATTGGT,TRANSFAC,MEME,View
Mig2p,AATTRTCCGGGG,TRANSFAC,MEME,View
Mig2p,TATAGTGCGGGG,TRANSFAC,MEME,View
Mig2p,ATTTTTGTGGGG,TRANSFAC,MEME,View
Mig2p,GAATAYCTGGGG,TRANSFAC,MEME,View
Mig2p,TTATTTCTGGGG,TRANSFAC,MEME,View
Mig2p,TAAAAGCCGGGG,TRANSFAC,MEME,View
Mig2p,TTAAAAGCGGGG,TRANSFAC,MEME,View
Mig2p,TTAAACGTGGGG,TRANSFAC,MEME,View
Mig2p,ATAAAACTGGGG,TRANSFAC,MEME,View
Mig2p,ATAAACGCGGGG,TRANSFAC,MEME,View
Mig2p,ATTAATGTGGGG,TRANSFAC,MEME,View
Mig2p,AAAAATGCGGGG,TRANSFAC,MEME,View
Mig2p,ATTTTGCGGGG,TRANSFAC,MEME,View
Mig2p,CCCCRC,TRANSFAC,MEME,View
Cup2p,HTHNNGCTGD,TRANSFAC,MEME,View
Cup2p,GCGTCTTTTCCGCTGA,TRANSFAC,MEME,View
Cup2p,TCTTTTGCTG,TRANSFAC,MEME,View
Cup2p,TCTTTTTGCTG,TRANSFAC,MEME,View
Cup2p,TCTTTTTTGCTG,TRANSFAC,MEME,View
Hsf1p,NGAANNTTCN,TRANSFAC,MEME,View
Hsf1p,NTTCNNGAAN,TRANSFAC,MEME,View
Hsf1p,NGAANNTTCNNGAAN,TRANSFAC,MEME,View
Hsf1p,NGAANNNNNNNGAANNNNNNNGAAN,TRANSFAC,MEME,View
Hsf1p,CTTCATGAAA,TRANSFAC,MEME,View
Hsf1p,TTCTAGAANNTTCTAGAA,TRANSFAC,MEME,View
Hsf1p,TTCNNGAA,TRANSFAC,MEME,View
Hsf1p,TTCNNGAANNTTC,TRANSFAC,MEME,View
Hsf1p,GAANNTTCNNGAA,TRANSFAC,MEME,View
Hsf1p,TTCNNGAANNTTCNNGAA,TRANSFAC,MEME,View
Hsf1p,TTCNNGAANNNNNNNGAA,TRANSFAC,MEME,View
Hsf1p,TTCNNNNNNNTTCNNGAA,TRANSFAC,MEME,View
Hsf1p,TTCNNNNNNNTTCNNNNNNNTTC,TRANSFAC,MEME,View
Hsf1p,GAANNNNNNNGAANNNNNNNGAA,TRANSFAC,MEME,View
Hsf1p,TTCTTCNNNNNNNTTC,TRANSFAC,MEME,View
Aft1p,YRCACCCR,TRANSFAC,MEME,View
Aft1p,TGCACCC,TRANSFAC,MEME,View
Aft1p,GGCACCC,TRANSFAC,MEME,View
Aft1p,TGCACCCA,TRANSFAC,MEME,View
Mig1p,AATTRTCCGGGG,TRANSFAC,MEME,View
Mig1p,TATAGTGCGGGG,TRANSFAC,MEME,View
Mig1p,ATTTTTGTGGGG,TRANSFAC,MEME,View
Mig1p,GAATAYCTGGGG,TRANSFAC,MEME,View
Mig1p,TTATTTCTGGGG,TRANSFAC,MEME,View
Mig1p,TAAAAGCCGGGG,TRANSFAC,MEME,View
Mig1p,TTAAAAGCGGGG,TRANSFAC,MEME,View
Mig1p,TTAAACGTGGGG,TRANSFAC,MEME,View
Mig1p,ATAAAACTGGGG,TRANSFAC,MEME,View
Mig1p,ATAAACGCGGGG,TRANSFAC,MEME,View
Mig1p,ATTAATGTGGGG,TRANSFAC,MEME,View
Mig1p,AAAAATGCGGGG,TRANSFAC,MEME,View
Mig1p,ATTTTGCGGGG,TRANSFAC,MEME,View
Mig1p,CCCCRC,TRANSFAC,MEME,View
Mig1p,SYGGRG,TRANSFAC,MEME,View
Pdr1p,TCCGCGGA,TRANSFAC,MEME,View
Pdr1p,TCCGTGGA,TRANSFAC,MEME,View
Pdr1p,TCCACGGA,TRANSFAC,MEME,View
Pdr1p,TCCGCGCA,TRANSFAC,MEME,View
Pdr1p,TCCGCGGG,TRANSFAC,MEME,View
Rme1p,GTACCACAAAA,TRANSFAC,MEME,View
Rme1p,GTACCTCAAAA,TRANSFAC,MEME,View
Rme1p,GAACCTCAARA,TRANSFAC,MEME,View
Rim101p,TGCCAAG,TRANSFAC,MEME,View
Rim101p,CTTGGCR,TRANSFAC,MEME,View
Yap3p,TTACTAA,TRANSFAC,MEME,View
Yap3p,TGACTCA,TRANSFAC,MEME,View
Yap3p,ATTACGTAAT,TRANSFAC,MEME,View
Stp2p,CGGCTC,TRANSFAC,MEME,View
Stp2p,CGGGGTGNNNNNNNCGCACCG,TRANSFAC,MEME,View
Stp2p,CNCACCNG,TRANSFAC,MEME,View
Ste12p,TGAAACA,TRANSFAC,MEME,View
Ste12p,MTGAAACA,TRANSFAC,MEME,View
Ste12p,ATGAAACA,TRANSFAC,MEME,View
Ste12p,GGAAACA,TRANSFAC,MEME,View
Ste12p,TGTTTCAN{21}GGAAACG,TRANSFAC,MEME,View
Ste12p,TGTTTCCN{18}TGTTTCT,TRANSFAC,MEME,View
Ste12p,ATAAAACA,TRANSFAC,MEME,View
Ste12p,ATGCAACA,TRANSFAC,MEME,View
Ste12p,ATGAAACAATGAAACA,TRANSFAC,MEME,View
Ste12p,TTGAAACAATGAAACA,TRANSFAC,MEME,View
Ste12p,ATGAAACAATGAGACA,TRANSFAC,MEME,View
Ste12p,ATGAAACAATGAAACG,TRANSFAC,MEME,View
Ste12p,TTGAAACAATGAAACG,TRANSFAC,MEME,View
Ste12p,CGTTTCAAAATGAAACA,TRANSFAC,MEME,View
Ste12p,ATGAACAN{3}ATGAAACA,TRANSFAC,MEME,View
Ste12p,ATGAACAN{40}ATGAAACA,TRANSFAC,MEME,View
Ste12p,CGTTTCAN{40}ATGAAACA,TRANSFAC,MEME,View
Ste12p,TGTTTCA,TRANSFAC,MEME,View
Ste12p,GTTTCANNNTGAAAC,TRANSFAC,MEME,View
Ndt80p,GNCRCAAAW,TRANSFAC,MEME,View
Ndt80p,CACAAA,TRANSFAC,MEME,View
Rof1p,TTAAGGTT,TRANSFAC,MEME,View
Stb5p,TCTCCGCGAAC,TRANSFAC,MEME,View
Stb5p,CGGNS,TRANSFAC,MEME,View
Skn7p,GGCYGGC,TRANSFAC,MEME,View
Skn7p,AGAACGTTC,TRANSFAC,MEME,View
Skn7p,ATTTGGYTGGGCC,TRANSFAC,MEME,View
Skn7p,GGCGAGATCT,TRANSFAC,MEME,View
Skn7p,GGCCCAGA,TRANSFAC,MEME,View
Skn7p,GGCCGGC,TRANSFAC,MEME,View
Skn7p,GGCCAGA,TRANSFAC,MEME,View
Skn7p,GGCTGGC,TRANSFAC,MEME,View
Skn7p,GGCCR,TRANSFAC,MEME,View
Fkh1p,GTMAACAA,TRANSFAC,MEME,View
Fkh1p,RTAAAYAA,TRANSFAC,MEME,View
Fkh1p,RYMAAYA,TRANSFAC,MEME,View
Fkh1p,RYAAACAWW,TRANSFAC,MEME,View
Fkh1p,AAACA,TRANSFAC,MEME,View
Xbp1p,CTCGA,TRANSFAC,MEME,View
Cst6p,TGACGTCA,TRANSFAC,MEME,View
Cst6p,TTACGTAA,TRANSFAC,MEME,View
Cst6p,GTGACGT,TRANSFAC,MEME,View
Yap5p,TTACTAA,TRANSFAC,MEME,View
Dal81p,SAAAWNTGCGBT,TRANSFAC,MEME,View
Dal81p,GAAAATTGCGTT,TRANSFAC,MEME,View
Dal81p,CGGCN{6}GCCG,TRANSFAC,MEME,View
Gzf3p,GATAAG,TRANSFAC,MEME,View
Gsm1p,CGGNNNNNNNNCGG,TRANSFAC,MEME,View
Gsm1p,CGGNNNNNNNNNCGG,TRANSFAC,MEME,View
Cbf1p,RTCACGTG,TRANSFAC,MEME,View
Cbf1p,RTCACRTG,TRANSFAC,MEME,View
Cbf1p,TCACGTT,TRANSFAC,MEME,View
Cbf1p,CACGTG,TRANSFAC,MEME,View
Ime1p,TTTTCHHCG,TRANSFAC,MEME,View
Ash1p,YTGAT,TRANSFAC,MEME,View
Abf1p,AGCCGTAAATAGTTATCTTCCAAG,TRANSFAC,MEME,View
Abf1p,RTCRYYYN{3}ACG,TRANSFAC,MEME,View
Abf1p,RTCRYBN{4}ACG,TRANSFAC,MEME,View
Abf1p,TCN{7}ACG,TRANSFAC,MEME,View
Abf1p,RTCRN{6}ACGNR,TRANSFAC,MEME,View
Abf1p,TCRTN{5}AYGA,TRANSFAC,MEME,View
Abf1p,TNNCGTNNNNNNTGAT,TRANSFAC,MEME,View
Hap4p,TNATTGGT,TRANSFAC,MEME,View
Msn4p,CCCCT,TRANSFAC,MEME,View
Msn4p,AGGGG,TRANSFAC,MEME,View
Rgt1p,CGGANNA,TRANSFAC,MEME,View
Ixr1p,KTTSAAYKGTTYASA,TRANSFAC,MEME,View
Put3p,CGGN{10}CCG,TRANSFAC,MEME,View
Dal80p,"GATAAGN{15,20}GATAAG",TRANSFAC,MEME,View
Bas1p,TGACTC,TRANSFAC,MEME,View
Ppr1p,CGGN{6}CCG,TRANSFAC,MEME,View
Cha4p,CGGN{10}CCG,TRANSFAC,MEME,View
Cha4p,CGGN{10}CCA,TRANSFAC,MEME,View
Ace2p,ACCAGC,TRANSFAC,MEME,View
Rfx1p,TCGCCATGGCAAC,TRANSFAC,MEME,View
Rfx1p,TTGCCATGGCAAC,TRANSFAC,MEME,View
Rfx1p,TCGCCATGACAAC,TRANSFAC,MEME,View
Rfx1p,CTATTGCTGCAAC,TRANSFAC,MEME,View
Rfx1p,TCTCTGTGGCAAC,TRANSFAC,MEME,View
Rfx1p,TTGTCACAGCAAC,TRANSFAC,MEME,View
Rfx1p,TTGTCGCAGCAAC,TRANSFAC,MEME,View
Rfx1p,TTGTTGTGGCAAC,TRANSFAC,MEME,View
Rfx1p,TTTCCACAGCAAC,TRANSFAC,MEME,View
Rfx1p,TYGCCATGCCAAC,TRANSFAC,MEME,View
Ecm22p,TCGTATA,TRANSFAC,MEME,View
Hap1p,CGGN{3}TANCGG,TRANSFAC,MEME,View
Hap1p,CGGN{6}CGG,TRANSFAC,MEME,View
Hap1p,CGGN{3}TANCGGN{3}TA,TRANSFAC,MEME,View
Hap1p,TCGCGTTCATATATATCGGATATACTCTTGAGGCACAATT,TRANSFAC,MEME,View
Hap1p,CGCATTTATCGC,TRANSFAC,MEME,View
Hap1p,CCGNTATNTCC,TRANSFAC,MEME,View
Hap1p,CCGATA,TRANSFAC,MEME,View
Hap1p,CCGXTATXTCC,TRANSFAC,MEME,View
Pdr8p,TCCGHGGA,TRANSFAC,MEME,View
Leu3p,CCGN{4}CGG,TRANSFAC,MEME,View
Leu3p,CCGGNNCCGG,TRANSFAC,MEME,View
Leu3p,CCGTTAACGG,TRANSFAC,MEME,View
Arg81p,WWN{3}YARNHN{3}VVCGR,TRANSFAC,MEME,View
Arg81p,AAGTACAGTTAATAACGA,TRANSFAC,MEME,View
Arg81p,AAGTACAGTTAATAACGG,TRANSFAC,MEME,View
Arg81p,AAGTGCAACTGACTGCGA,TRANSFAC,MEME,View
Arg81p,AATGGAAATGGATAGCGA,TRANSFAC,MEME,View
Tda9p,GAGGGG,TRANSFAC,MEME,View
War1p,CGGN{23}CCG,TRANSFAC,MEME,View
Yap1p,TTACTAA,TRANSFAC,MEME,View
Yap1p,TGACTCA,TRANSFAC,MEME,View
Yap1p,TGACTAA,TRANSFAC,MEME,View
Yap1p,TKACAAA,TRANSFAC,MEME,View
Yap1p,TTACTCA,TRANSFAC,MEME,View
Yap1p,TGACAA,TRANSFAC,MEME,View
Stb4p,YTCGGAA,TRANSFAC,MEME,View
Mac1p,TTTGCKCR,TRANSFAC,MEME,View
Mac1p,WWWTTTGCTCR,TRANSFAC,MEME,View
Msn2p,CCCCT,TRANSFAC,MEME,View
Msn2p,RGGGG,TRANSFAC,MEME,View
Msn2p,AGGGG,TRANSFAC,MEME,View
Msn2p,TCAGGGGT,TRANSFAC,MEME,View
Msn2p,AACGGGGT,TRANSFAC,MEME,View
Arg80p,CCTCTAAAGG,TRANSFAC,MEME,View
Mcm1p,TTACCNAATTNGGTAA,TRANSFAC,MEME,View
Mcm1p,TTWCCYAAWNNGGWAAWW,TRANSFAC,MEME,View
Mcm1p,DCCYWWWNNRG,TRANSFAC,MEME,View
Mcm1p,CCYWWWNNRG,TRANSFAC,MEME,View
Mcm1p,CCTAATTAGG,TRANSFAC,MEME,View
Mot3p,WAGGTA,TRANSFAC,MEME,View
Mot3p,CAGGYA,TRANSFAC,MEME,View
Mot3p,AAGAGG,TRANSFAC,MEME,View
Mot3p,ATGGAT,TRANSFAC,MEME,View
Mot3p,TAGGTA,TRANSFAC,MEME,View
Mot3p,TAGGAT,TRANSFAC,MEME,View
Mot3p,TMGGAA,TRANSFAC,MEME,View
Mot3p,AAGGKA,TRANSFAC,MEME,View
Mot3p,AAGGWT,TRANSFAC,MEME,View
Mss11p,TTTGCN{97}GCAAA,TRANSFAC,MEME,View
Hot1p,GGGACAAA,TRANSFAC,MEME,View
Hot1p,CATTTGGC,TRANSFAC,MEME,View
Hot1p,CACTTTGAC,TRANSFAC,MEME,View
Cat8p,NCCDTYNVNCCGN,TRANSFAC,MEME,View
Cat8p,YCCNYTNRRCCGN,TRANSFAC,MEME,View
Dal82p,SAAAWNTGCGBT,TRANSFAC,MEME,View
Dal82p,GAAAATTGCGTT,TRANSFAC,MEME,View
Rap1p,ACACCCRYACAY,TRANSFAC,MEME,View
Rap1p,ACACCCAYACAYYY,TRANSFAC,MEME,View
Sko1p,TGACGTTT,TRANSFAC,MEME,View
Sko1p,TGACGTCA,TRANSFAC,MEME,View
Sko1p,TTACGTAA,TRANSFAC,MEME,View
Sko1p,ATGACGTA,TRANSFAC,MEME,View
Met4p,TCACGTG,TRANSFAC,MEME,View
Fkh2p,GTMAACAA,TRANSFAC,MEME,View
Fkh2p,RTAAAYAA,TRANSFAC,MEME,View
Fkh2p,RYMAAYA,TRANSFAC,MEME,View
Fkh2p,RYAAACAWW,TRANSFAC,MEME,View
Fkh2p,AAACA,TRANSFAC,MEME,View
Crz1p,CACCAGTCGGTGGCTGTGCGCTTG,TRANSFAC,MEME,View
Crz1p,GAATGGCTG,TRANSFAC,MEME,View
Crz1p,GGGTGGCTG,TRANSFAC,MEME,View
Crz1p,GNGGCKCA,TRANSFAC,MEME,View
Crz1p,GGGGCTG,TRANSFAC,MEME,View
Crz1p,GAGCCC,TRANSFAC,MEME,View
Crz1p,CAGCCAC,TRANSFAC,MEME,View
Ino4p,ATGTGAAAT,TRANSFAC,MEME,View
Ino4p,CATGTGAAAT,TRANSFAC,MEME,View
Ino4p,WYTTCAYRTGS,TRANSFAC,MEME,View
Ino4p,TYTTCACATGY,TRANSFAC,MEME,View
Ino4p,CACATGC,TRANSFAC,MEME,View
Rtg1p,GTCAC,TRANSFAC,MEME,View
Rtg1p,GGTAC,TRANSFAC,MEME,View
Cin5p,TTACTAA,TRANSFAC,MEME,View
Azf1p,AAGAAAAA,TRANSFAC,MEME,View
Azf1p,AAAAGAAA,TRANSFAC,MEME,View
Sfl1p,AGAANTTCC,TRANSFAC,MEME,View
Yrr1p,WCCGYKKWW,TRANSFAC,MEME,View
Tea1p,CGGN{10}CCG,TRANSFAC,MEME,View
Tye7p,TCACGTG,TRANSFAC,MEME,View
Hap5p,TNATTGGT,TRANSFAC,MEME,View
Pip2p,"CGGN{3}TNRN{8,12}CCG",TRANSFAC,MEME,View
Pip2p,CCGNNNTA,TRANSFAC,MEME,View
Gal4p,CGGN{11}CCG,TRANSFAC,MEME,View
Usv1p,AGGGG,TRANSFAC,MEME,View
Usv1p,TCAGGGGT,TRANSFAC,MEME,View
Usv1p,TCAGGTAC,TRANSFAC,MEME,View
Aft2p,YRCACCCR,TRANSFAC,MEME,View
Aft2p,TGCACCC,TRANSFAC,MEME,View
Aft2p,GGCACCC,TRANSFAC,MEME,View
Aft2p,CGCACCC,TRANSFAC,MEME,View
Rlm1p,CTAWWWWTAG,TRANSFAC,MEME,View
Rlm1p,TAWWWWTAGM,TRANSFAC,MEME,View
Gcr1p,CTTCC,TRANSFAC,MEME,View
Gcr1p,CWTCC,TRANSFAC,MEME,View
Met31p,AAACTGTGG,TRANSFAC,MEME,View
Met31p,AAACTGTG,TRANSFAC,MEME,View
Met31p,CTGTGGC,TRANSFAC,MEME,View
Haa1p,GGCGAGGGG,TRANSFAC,MEME,View
Haa1p,GGCGAGAGG,TRANSFAC,MEME,View
Haa1p,GGCGCGGGG,TRANSFAC,MEME,View
Haa1p,GGCCAGGGG,TRANSFAC,MEME,View
Haa1p,AGCGAGGGG,TRANSFAC,MEME,View
Haa1p,SMGGSG,TRANSFAC,MEME,View
Haa1p,GAGGCG,TRANSFAC,MEME,View
Rox1p,TCTATTGTTTCCC,TRANSFAC,MEME,View
Rox1p,YYYATTGTTCTC,TRANSFAC,MEME,View
Rox1p,ACAAT,TRANSFAC,MEME,View
Arr1p,TGATTACTAATCA,TRANSFAC,MEME,View
Arr1p,TGATTAATAATCA,TRANSFAC,MEME,View
Oaf1p,"CGGN{3}TNRN{8,12}CCG",TRANSFAC,MEME,View
Oaf1p,CGGNNNTAA,TRANSFAC,MEME,View
Rtg3p,GTCAC,TRANSFAC,MEME,View
Rtg3p,GGTAC,TRANSFAC,MEME,View
Hap3p,TNATTGGT,TRANSFAC,MEME,View
Pdr3p,TCCGCGGA,TRANSFAC,MEME,View
Pdr3p,TCCGTGGA,TRANSFAC,MEME,View
Pdr3p,TCCACGGA,TRANSFAC,MEME,View
Pdr3p,TCCGCGCA,TRANSFAC,MEME,View
Pdr3p,TCCGCGGG,TRANSFAC,MEME,View
Pdr3p,TTCCGCGGAW,TRANSFAC,MEME,View
Reb1p,CCGGGTAA,TRANSFAC,MEME,View
Reb1p,TGTTACCCGT,TRANSFAC,MEME,View
Reb1p,CCGGGTGGAT,TRANSFAC,MEME,View
Nrg2p,MAGGGTCC,TRANSFAC,MEME,View
Tec1p,TTCTCACATTCTTC,TRANSFAC,MEME,View
Tec1p,CATTCT,TRANSFAC,MEME,View
Tec1p,CATTCC,TRANSFAC,MEME,View
Tec1p,CATTCTT,TRANSFAC,MEME,View
Tec1p,RMATTCYY,TRANSFAC,MEME,View
Tec1p,ACATTCTTACATTCTT,TRANSFAC,MEME,View
Tec1p,GAATGT,TRANSFAC,MEME,View
Tec1p,RGAATGT,TRANSFAC,MEME,View
Sip4p,TCCATTSRTCCGR,TRANSFAC,MEME,View
Sip4p,NCCDTYNVNCCGN,TRANSFAC,MEME,View
Sip4p,YCCNYTNRRCCGN,TRANSFAC,MEME,View
Zap1p,ACCYYNAAGGT,TRANSFAC,MEME,View
Zap1p,ACCGTCACTGC,TRANSFAC,MEME,View
Zap1p,TTCTTTATGGT,TRANSFAC,MEME,View
Zap1p,ATAACC,TRANSFAC,MEME,View
Zap1p,ACCTTNAAGGT,TRANSFAC,MEME,View
Zap1p,ACCTTGAAGGT,TRANSFAC,MEME,View
Mal63p,MGCN{9}MGS,TRANSFAC,MEME,View
Mal63p,CGGN{9}CGG,TRANSFAC,MEME,View
Mal63p,CGCN{9}CGC,TRANSFAC,MEME,View
Mal63p,CGGN{9}CGC,TRANSFAC,MEME,View
Transcription Factor,Consensus,Position-specific Weight Matrix,Reference,
Smp1p,ACTACTAWWWWTAG,TRANSFAC,MEME,View
Kar4p,YAANNCAAANNCNGNYT,TRANSFAC,MEME,View
Kar4p,CTAANNCAAANNCNGNYT,TRANSFAC,MEME,View
Kar4p,TTAANNCAAANNCNGNYT,TRANSFAC,MEME,View
Hcm1p,WAAYAAACAAW,TRANSFAC,MEME,View
Rds1p,BCGGCCG,TRANSFAC,MEME,View
Uga3p,SGCGGNWTTT,TRANSFAC,MEME,View
Pho2p,WTAWTW,TRANSFAC,MEME,View
Mbp1p,ACGCGT,TRANSFAC,MEME,View
Rpn4p,GGTGGCAAA,TRANSFAC,MEME,View
Lys14p,TCCRNYGGA,TRANSFAC,MEME,View
Nrg1p,CCCCT,TRANSFAC,MEME,View
Nrg1p,CCCTC,TRANSFAC,MEME,View
Nrg1p,GGACCCT,TRANSFAC,MEME,View
Gis1p,TWAGGGAT,TRANSFAC,MEME,View
Gis1p,AGGGG,TRANSFAC,MEME,View
Ino2p,ATGTGAAAT,TRANSFAC,MEME,View
Ino2p,CATGTGAAAT,TRANSFAC,MEME,View
Ino2p,WYTTCAYRTGS,TRANSFAC,MEME,View
Ino2p,CACATGC,TRANSFAC,MEME,View
Swi5p,ACCAGC,TRANSFAC,MEME,View
Ume6p,TAGCCGCCGA,TRANSFAC,MEME,View
Ume6p,TAGGCGGC,TRANSFAC,MEME,View
Ume6p,TCGGCGGCT,TRANSFAC,MEME,View
Ume6p,TGGGTGGCTA,TRANSFAC,MEME,View
Upc2p,TCGTATA,TRANSFAC,MEME,View
Upc2p,TCGTTYAG,TRANSFAC,MEME,View
Upc2p,TCGTWCC,TRANSFAC,MEME,View
Upc2p,TATACGA,TRANSFAC,MEME,View
Upc2p,TAAACGA,TRANSFAC,MEME,View
Adr1p,"TTGGRGN{6,38}CYCCAA",TRANSFAC,MEME,View
Adr1p,TTGGRG,TRANSFAC,MEME,View
Met32p,AAACTGTGG,TRANSFAC,MEME,View
Met32p,AAACTGTG,TRANSFAC,MEME,View
Met32p,CTGTGGC,TRANSFAC,MEME,View
Sum1p,GNCRCAAAW,TRANSFAC,MEME,View
Cad1p,TTACTAA,TRANSFAC,MEME,View
Stp1p,CGGCTC,TRANSFAC,MEME,View
Stp1p,CGGCN{6}CGGC,TRANSFAC,MEME,View
Stp1p,RYRCGGCRC,TRANSFAC,MEME,View
Gcn4p,TTACGTAA,TRANSFAC,MEME,View
Gcn4p,TGATTCA,TRANSFAC,MEME,View
Gcn4p,TGACTGA,TRANSFAC,MEME,View
Gcn4p,TGACTMT,TRANSFAC,MEME,View
Gcn4p,RRTGACTC,TRANSFAC,MEME,View
Gcn4p,TGACTC,TRANSFAC,MEME,View
Gcn4p,TGASTCA,TRANSFAC,MEME,View
Gcn4p,TTGCGCAA,TRANSFAC,MEME,View
Gcn4p,TTGCGTGA,TRANSFAC,MEME,View
Gcn4p,GCACGTAG,TRANSFAC,MEME,View
Gcn4p,CACGTG,TRANSFAC,MEME,View
Mig3p,AATTRTCCGGGG,TRANSFAC,MEME,View
Mig3p,TATAGTGCGGGG,TRANSFAC,MEME,View
Mig3p,ATTTTTGTGGGG,TRANSFAC,MEME,View
Mig3p,GAATAYCTGGGG,TRANSFAC,MEME,View
Mig3p,TTATTTCTGGGG,TRANSFAC,MEME,View
Mig3p,TAAAAGCCGGGG,TRANSFAC,MEME,View
Mig3p,TTAAAAGCGGGG,TRANSFAC,MEME,View
Mig3p,TTAAACGTGGGG,TRANSFAC,MEME,View
Mig3p,ATAAAACTGGGG,TRANSFAC,MEME,View
Mig3p,ATAAACGCGGGG,TRANSFAC,MEME,View
Mig3p,ATTAATGTGGGG,TRANSFAC,MEME,View
Mig3p,AAAAATGCGGGG,TRANSFAC,MEME,View
Mig3p,ATTTTGCGGGG,TRANSFAC,MEME,View
Gln3p,GATAAG,TRANSFAC,MEME,View
Gln3p,GATTAG,TRANSFAC,MEME,View
Aca1p,TGACGTCA,TRANSFAC,MEME,View
Aca1p,TTACGTAA,TRANSFAC,MEME,View
Mot2p,ATATA,TRANSFAC,MEME,View
Flo8p,TTTGCN{97}GCAAA,TRANSFAC,MEME,View
Flo8p,CGGGGTTTTCT,TRANSFAC,MEME,View
Swi4p,CACGAAA,TRANSFAC,MEME,View
Swi4p,TTTTCGCT,TRANSFAC,MEME,View
Com2p,AGGGG,TRANSFAC,MEME,View
Com2p,TCAGGGGT,TRANSFAC,MEME,View
Com2p,AATAGGAG,TRANSFAC,MEME,View
Com2p,ATAGGGG,TRANSFAC,MEME,View
Com2p,ATAGGAG,TRANSFAC,MEME,View
Com2p,ATAGGGT,TRANSFAC,MEME,View
Rph1p,CCCCT,TRANSFAC,MEME,View
Rph1p,AGGGG,TRANSFAC,MEME,View
Znf1p,CGGN{9}CGG,TRANSFAC,MEME,View
Hac1p,CAGCGTG,TRANSFAC,MEME,View
Hac1p,ATGGTATCAT,TRANSFAC,MEME,View
Hac1p,TGACGTCA,TRANSFAC,MEME,View
Hac1p,CCAGC,TRANSFAC,MEME,View
Gat1p,GATAAG,TRANSFAC,MEME,View
Pho4p,CACGTK,TRANSFAC,MEME,View
Pho4p,CACGTGGG,TRANSFAC,MEME,View
Fzf1p,CGTATCGTATAAGGCAACAATAG,TRANSFAC,MEME,View
Fzf1p,YGSMNMCTATCAYTTYY,TRANSFAC,MEME,View
Hap2p,TNATTGGT,TRANSFAC,MEME,View
Mig2p,AATTRTCCGGGG,TRANSFAC,MEME,View
Mig2p,TATAGTGCGGGG,TRANSFAC,MEME,View
Mig2p,ATTTTTGTGGGG,TRANSFAC,MEME,View
Mig2p,GAATAYCTGGGG,TRANSFAC,MEME,View
Mig2p,TTATTTCTGGGG,TRANSFAC,MEME,View
Mig2p,TAAAAGCCGGGG,TRANSFAC,MEME,View
Mig2p,TTAAAAGCGGGG,TRANSFAC,MEME,View
Mig2p,TTAAACGTGGGG,TRANSFAC,MEME,View
Mig2p,ATAAAACTGGGG,TRANSFAC,MEME,View
Mig2p,ATAAACGCGGGG,TRANSFAC,MEME,View
Mig2p,ATTAATGTGGGG,TRANSFAC,MEME,View
Mig2p,AAAAATGCGGGG,TRANSFAC,MEME,View
Mig2p,ATTTTGCGGGG,TRANSFAC,MEME,View
Mig2p,CCCCRC,TRANSFAC,MEME,View
Cup2p,HTHNNGCTGD,TRANSFAC,MEME,View
Cup2p,GCGTCTTTTCCGCTGA,TRANSFAC,MEME,View
Cup2p,TCTTTTGCTG,TRANSFAC,MEME,View
Cup2p,TCTTTTTGCTG,TRANSFAC,MEME,View
Cup2p,TCTTTTTTGCTG,TRANSFAC,MEME,View
Hsf1p,NGAANNTTCN,TRANSFAC,MEME,View
Hsf1p,NTTCNNGAAN,TRANSFAC,MEME,View
Hsf1p,NGAANNTTCNNGAAN,TRANSFAC,MEME,View
Hsf1p,NGAANNNNNNNGAANNNNNNNGAAN,TRANSFAC,MEME,View
Hsf1p,CTTCATGAAA,TRANSFAC,MEME,View
Hsf1p,TTCTAGAANNTTCTAGAA,TRANSFAC,MEME,View
Hsf1p,TTCNNGAA,TRANSFAC,MEME,View
Hsf1p,TTCNNGAANNTTC,TRANSFAC,MEME,View
Hsf1p,GAANNTTCNNGAA,TRANSFAC,MEME,View
Hsf1p,TTCNNGAANNTTCNNGAA,TRANSFAC,MEME,View
Hsf1p,TTCNNGAANNNNNNNGAA,TRANSFAC,MEME,View
Hsf1p,TTCNNNNNNNTTCNNGAA,TRANSFAC,MEME,View
Hsf1p,TTCNNNNNNNTTCNNNNNNNTTC,TRANSFAC,MEME,View
Hsf1p,GAANNNNNNNGAANNNNNNNGAA,TRANSFAC,MEME,View
Hsf1p,TTCTTCNNNNNNNTTC,TRANSFAC,MEME,View
Aft1p,YRCACCCR,TRANSFAC,MEME,View
Aft1p,TGCACCC,TRANSFAC,MEME,View
Aft1p,GGCACCC,TRANSFAC,MEME,View
Aft1p,TGCACCCA,TRANSFAC,MEME,View
Mig1p,AATTRTCCGGGG,TRANSFAC,MEME,View
Mig1p,TATAGTGCGGGG,TRANSFAC,MEME,View
Mig1p,ATTTTTGTGGGG,TRANSFAC,MEME,View
Mig1p,GAATAYCTGGGG,TRANSFAC,MEME,View
Mig1p,TTATTTCTGGGG,TRANSFAC,MEME,View
Mig1p,TAAAAGCCGGGG,TRANSFAC,MEME,View
Mig1p,TTAAAAGCGGGG,TRANSFAC,MEME,View
Mig1p,TTAAACGTGGGG,TRANSFAC,MEME,View
Mig1p,ATAAAACTGGGG,TRANSFAC,MEME,View
Mig1p,ATAAACGCGGGG,TRANSFAC,MEME,View
Mig1p,ATTAATGTGGGG,TRANSFAC,MEME,View
Mig1p,AAAAATGCGGGG,TRANSFAC,MEME,View
Mig1p,ATTTTGCGGGG,TRANSFAC,MEME,View
Mig1p,CCCCRC,TRANSFAC,MEME,View
Mig1p,SYGGRG,TRANSFAC,MEME,View
Pdr1p,TCCGCGGA,TRANSFAC,MEME,View
Pdr1p,TCCGTGGA,TRANSFAC,MEME,View
Pdr1p,TCCACGGA,TRANSFAC,MEME,View
Pdr1p,TCCGCGCA,TRANSFAC,MEME,View
Pdr1p,TCCGCGGG,TRANSFAC,MEME,View
Rme1p,GTACCACAAAA,TRANSFAC,MEME,View
Rme1p,GTACCTCAAAA,TRANSFAC,MEME,View
Rme1p,GAACCTCAARA,TRANSFAC,MEME,View
Rim101p,TGCCAAG,TRANSFAC,MEME,View
Rim101p,CTTGGCR,TRANSFAC,MEME,View
Yap3p,TTACTAA,TRANSFAC,MEME,View
Yap3p,TGACTCA,TRANSFAC,MEME,View
Yap3p,ATTACGTAAT,TRANSFAC,MEME,View
Stp2p,CGGCTC,TRANSFAC,MEME,View
Stp2p,CGGGGTGNNNNNNNCGCACCG,TRANSFAC,MEME,View
Stp2p,CNCACCNG,TRANSFAC,MEME,View
Ste12p,TGAAACA,TRANSFAC,MEME,View
Ste12p,MTGAAACA,TRANSFAC,MEME,View
Ste12p,ATGAAACA,TRANSFAC,MEME,View
Ste12p,GGAAACA,TRANSFAC,MEME,View
Ste12p,TGTTTCAN{21}GGAAACG,TRANSFAC,MEME,View
Ste12p,TGTTTCCN{18}TGTTTCT,TRANSFAC,MEME,View
Ste12p,ATAAAACA,TRANSFAC,MEME,View
Ste12p,ATGCAACA,TRANSFAC,MEME,View
Ste12p,ATGAAACAATGAAACA,TRANSFAC,MEME,View
Ste12p,TTGAAACAATGAAACA,TRANSFAC,MEME,View
Ste12p,ATGAAACAATGAGACA,TRANSFAC,MEME,View
Ste12p,ATGAAACAATGAAACG,TRANSFAC,MEME,View
Ste12p,TTGAAACAATGAAACG,TRANSFAC,MEME,View
Ste12p,CGTTTCAAAATGAAACA,TRANSFAC,MEME,View
Ste12p,ATGAACAN{3}ATGAAACA,TRANSFAC,MEME,View
Ste12p,ATGAACAN{40}ATGAAACA,TRANSFAC,MEME,View
Ste12p,CGTTTCAN{40}ATGAAACA,TRANSFAC,MEME,View
Ste12p,TGTTTCA,TRANSFAC,MEME,View
Ste12p,GTTTCANNNTGAAAC,TRANSFAC,MEME,View
Ndt80p,GNCRCAAAW,TRANSFAC,MEME,View
Ndt80p,CACAAA,TRANSFAC,MEME,View
Rof1p,TTAAGGTT,TRANSFAC,MEME,View
Stb5p,TCTCCGCGAAC,TRANSFAC,MEME,View
Stb5p,CGGNS,TRANSFAC,MEME,View
Skn7p,GGCYGGC,TRANSFAC,MEME,View
Skn7p,AGAACGTTC,TRANSFAC,MEME,View
Skn7p,ATTTGGYTGGGCC,TRANSFAC,MEME,View
Skn7p,GGCGAGATCT,TRANSFAC,MEME,View
Skn7p,GGCCCAGA,TRANSFAC,MEME,View
Skn7p,GGCCGGC,TRANSFAC,MEME,View
Skn7p,GGCCAGA,TRANSFAC,MEME,View
Skn7p,GGCTGGC,TRANSFAC,MEME,View
Skn7p,GGCCR,TRANSFAC,MEME,View
Fkh1p,GTMAACAA,TRANSFAC,MEME,View
Fkh1p,RTAAAYAA,TRANSFAC,MEME,View
Fkh1p,RYMAAYA,TRANSFAC,MEME,View
Fkh1p,RYAAACAWW,TRANSFAC,MEME,View
Fkh1p,AAACA,TRANSFAC,MEME,View
Xbp1p,CTCGA,TRANSFAC,MEME,View
Cst6p,TGACGTCA,TRANSFAC,MEME,View
Cst6p,TTACGTAA,TRANSFAC,MEME,View
Cst6p,GTGACGT,TRANSFAC,MEME,View
Yap5p,TTACTAA,TRANSFAC,MEME,View
Dal81p,SAAAWNTGCGBT,TRANSFAC,MEME,View
Dal81p,GAAAATTGCGTT,TRANSFAC,MEME,View
Dal81p,CGGCN{6}GCCG,TRANSFAC,MEME,View
Gzf3p,GATAAG,TRANSFAC,MEME,View
Gsm1p,CGGNNNNNNNNCGG,TRANSFAC,MEME,View
Gsm1p,CGGNNNNNNNNNCGG,TRANSFAC,MEME,View
Cbf1p,RTCACGTG,TRANSFAC,MEME,View
Cbf1p,RTCACRTG,TRANSFAC,MEME,View
Cbf1p,TCACGTT,TRANSFAC,MEME,View
Cbf1p,CACGTG,TRANSFAC,MEME,View
Ime1p,TTTTCHHCG,TRANSFAC,MEME,View
Ash1p,YTGAT,TRANSFAC,MEME,View
Abf1p,AGCCGTAAATAGTTATCTTCCAAG,TRANSFAC,MEME,View
Abf1p,RTCRYYYN{3}ACG,TRANSFAC,MEME,View
Abf1p,RTCRYBN{4}ACG,TRANSFAC,MEME,View
Abf1p,TCN{7}ACG,TRANSFAC,MEME,View
Abf1p,RTCRN{6}ACGNR,TRANSFAC,MEME,View
Abf1p,TCRTN{5}AYGA,TRANSFAC,MEME,View
Abf1p,TNNCGTNNNNNNTGAT,TRANSFAC,MEME,View
Hap4p,TNATTGGT,TRANSFAC,MEME,View
Msn4p,CCCCT,TRANSFAC,MEME,View
Msn4p,AGGGG,TRANSFAC,MEME,View
Rgt1p,CGGANNA,TRANSFAC,MEME,View
Ixr1p,KTTSAAYKGTTYASA,TRANSFAC,MEME,View
Put3p,CGGN{10}CCG,TRANSFAC,MEME,View
Dal80p,"GATAAGN{15,20}GATAAG",TRANSFAC,MEME,View
Bas1p,TGACTC,TRANSFAC,MEME,View
Ppr1p,CGGN{6}CCG,TRANSFAC,MEME,View
Cha4p,CGGN{10}CCG,TRANSFAC,MEME,View
Cha4p,CGGN{10}CCA,TRANSFAC,MEME,View
Ace2p,ACCAGC,TRANSFAC,MEME,View
Rfx1p,TCGCCATGGCAAC,TRANSFAC,MEME,View
Rfx1p,TTGCCATGGCAAC,TRANSFAC,MEME,View
Rfx1p,TCGCCATGACAAC,TRANSFAC,MEME,View
Rfx1p,CTATTGCTGCAAC,TRANSFAC,MEME,View
Rfx1p,TCTCTGTGGCAAC,TRANSFAC,MEME,View
Rfx1p,TTGTCACAGCAAC,TRANSFAC,MEME,View
Rfx1p,TTGTCGCAGCAAC,TRANSFAC,MEME,View
Rfx1p,TTGTTGTGGCAAC,TRANSFAC,MEME,View
Rfx1p,TTTCCACAGCAAC,TRANSFAC,MEME,View
Rfx1p,TYGCCATGCCAAC,TRANSFAC,MEME,View
Ecm22p,TCGTATA,TRANSFAC,MEME,View
Hap1p,CGGN{3}TANCGG,TRANSFAC,MEME,View
Hap1p,CGGN{6}CGG,TRANSFAC,MEME,View
Hap1p,CGGN{3}TANCGGN{3}TA,TRANSFAC,MEME,View
Hap1p,TCGCGTTCATATATATCGGATATACTCTTGAGGCACAATT,TRANSFAC,MEME,View
Hap1p,CGCATTTATCGC,TRANSFAC,MEME,View
Hap1p,CCGNTATNTCC,TRANSFAC,MEME,View
Hap1p,CCGATA,TRANSFAC,MEME,View
Hap1p,CCGXTATXTCC,TRANSFAC,MEME,View
Pdr8p,TCCGHGGA,TRANSFAC,MEME,View
Leu3p,CCGN{4}CGG,TRANSFAC,MEME,View
Leu3p,CCGGNNCCGG,TRANSFAC,MEME,View
Leu3p,CCGTTAACGG,TRANSFAC,MEME,View
Arg81p,WWN{3}YARNHN{3}VVCGR,TRANSFAC,MEME,View
Arg81p,AAGTACAGTTAATAACGA,TRANSFAC,MEME,View
Arg81p,AAGTACAGTTAATAACGG,TRANSFAC,MEME,View
Arg81p,AAGTGCAACTGACTGCGA,TRANSFAC,MEME,View
Arg81p,AATGGAAATGGATAGCGA,TRANSFAC,MEME,View
Tda9p,GAGGGG,TRANSFAC,MEME,View
War1p,CGGN{23}CCG,TRANSFAC,MEME,View
Yap1p,TTACTAA,TRANSFAC,MEME,View
Yap1p,TGACTCA,TRANSFAC,MEME,View
Yap1p,TGACTAA,TRANSFAC,MEME,View
Yap1p,TKACAAA,TRANSFAC,MEME,View
Yap1p,TTACTCA,TRANSFAC,MEME,View
Yap1p,TGACAA,TRANSFAC,MEME,View
Stb4p,YTCGGAA,TRANSFAC,MEME,View
Mac1p,TTTGCKCR,TRANSFAC,MEME,View
Mac1p,WWWTTTGCTCR,TRANSFAC,MEME,View
Msn2p,CCCCT,TRANSFAC,MEME,View
Msn2p,RGGGG,TRANSFAC,MEME,View
Msn2p,AGGGG,TRANSFAC,MEME,View
Msn2p,TCAGGGGT,TRANSFAC,MEME,View
Msn2p,AACGGGGT,TRANSFAC,MEME,View
Arg80p,CCTCTAAAGG,TRANSFAC,MEME,View
Mcm1p,TTACCNAATTNGGTAA,TRANSFAC,MEME,View
Mcm1p,TTWCCYAAWNNGGWAAWW,TRANSFAC,MEME,View
Mcm1p,DCCYWWWNNRG,TRANSFAC,MEME,View
Mcm1p,CCYWWWNNRG,TRANSFAC,MEME,View
Mcm1p,CCTAATTAGG,TRANSFAC,MEME,View
Mot3p,WAGGTA,TRANSFAC,MEME,View
Mot3p,CAGGYA,TRANSFAC,MEME,View
Mot3p,AAGAGG,TRANSFAC,MEME,View
Mot3p,ATGGAT,TRANSFAC,MEME,View
Mot3p,TAGGTA,TRANSFAC,MEME,View
Mot3p,TAGGAT,TRANSFAC,MEME,View
Mot3p,TMGGAA,TRANSFAC,MEME,View
Mot3p,AAGGKA,TRANSFAC,MEME,View
Mot3p,AAGGWT,TRANSFAC,MEME,View
Mss11p,TTTGCN{97}GCAAA,TRANSFAC,MEME,View
Hot1p,GGGACAAA,TRANSFAC,MEME,View
Hot1p,CATTTGGC,TRANSFAC,MEME,View
Hot1p,CACTTTGAC,TRANSFAC,MEME,View
Cat8p,NCCDTYNVNCCGN,TRANSFAC,MEME,View
Cat8p,YCCNYTNRRCCGN,TRANSFAC,MEME,View
Dal82p,SAAAWNTGCGBT,TRANSFAC,MEME,View
Dal82p,GAAAATTGCGTT,TRANSFAC,MEME,View
Rap1p,ACACCCRYACAY,TRANSFAC,MEME,View
Rap1p,ACACCCAYACAYYY,TRANSFAC,MEME,View
Sko1p,TGACGTTT,TRANSFAC,MEME,View
Sko1p,TGACGTCA,TRANSFAC,MEME,View
Sko1p,TTACGTAA,TRANSFAC,MEME,View
Sko1p,ATGACGTA,TRANSFAC,MEME,View
Met4p,TCACGTG,TRANSFAC,MEME,View
Fkh2p,GTMAACAA,TRANSFAC,MEME,View
Fkh2p,RTAAAYAA,TRANSFAC,MEME,View
Fkh2p,RYMAAYA,TRANSFAC,MEME,View
Fkh2p,RYAAACAWW,TRANSFAC,MEME,View
Fkh2p,AAACA,TRANSFAC,MEME,View
Crz1p,CACCAGTCGGTGGCTGTGCGCTTG,TRANSFAC,MEME,View
Crz1p,GAATGGCTG,TRANSFAC,MEME,View
Crz1p,GGGTGGCTG,TRANSFAC,MEME,View
Crz1p,GNGGCKCA,TRANSFAC,MEME,View
Crz1p,GGGGCTG,TRANSFAC,MEME,View
Crz1p,GAGCCC,TRANSFAC,MEME,View
Crz1p,CAGCCAC,TRANSFAC,MEME,View
Ino4p,ATGTGAAAT,TRANSFAC,MEME,View
Ino4p,CATGTGAAAT,TRANSFAC,MEME,View
Ino4p,WYTTCAYRTGS,TRANSFAC,MEME,View
Ino4p,TYTTCACATGY,TRANSFAC,MEME,View
Ino4p,CACATGC,TRANSFAC,MEME,View
Rtg1p,GTCAC,TRANSFAC,MEME,View
Rtg1p,GGTAC,TRANSFAC,MEME,View
Cin5p,TTACTAA,TRANSFAC,MEME,View
Azf1p,AAGAAAAA,TRANSFAC,MEME,View
Azf1p,AAAAGAAA,TRANSFAC,MEME,View
Sfl1p,AGAANTTCC,TRANSFAC,MEME,View
Yrr1p,WCCGYKKWW,TRANSFAC,MEME,View
Tea1p,CGGN{10}CCG,TRANSFAC,MEME,View
Tye7p,TCACGTG,TRANSFAC,MEME,View
Hap5p,TNATTGGT,TRANSFAC,MEME,View
Pip2p,"CGGN{3}TNRN{8,12}CCG",TRANSFAC,MEME,View
Pip2p,CCGNNNTA,TRANSFAC,MEME,View
Gal4p,CGGN{11}CCG,TRANSFAC,MEME,View
Usv1p,AGGGG,TRANSFAC,MEME,View
Usv1p,TCAGGGGT,TRANSFAC,MEME,View
Usv1p,TCAGGTAC,TRANSFAC,MEME,View
Aft2p,YRCACCCR,TRANSFAC,MEME,View
Aft2p,TGCACCC,TRANSFAC,MEME,View
Aft2p,GGCACCC,TRANSFAC,MEME,View
Aft2p,CGCACCC,TRANSFAC,MEME,View
Rlm1p,CTAWWWWTAG,TRANSFAC,MEME,View
Rlm1p,TAWWWWTAGM,TRANSFAC,MEME,View
Gcr1p,CTTCC,TRANSFAC,MEME,View
Gcr1p,CWTCC,TRANSFAC,MEME,View
Met31p,AAACTGTGG,TRANSFAC,MEME,View
Met31p,AAACTGTG,TRANSFAC,MEME,View
Met31p,CTGTGGC,TRANSFAC,MEME,View
Haa1p,GGCGAGGGG,TRANSFAC,MEME,View
Haa1p,GGCGAGAGG,TRANSFAC,MEME,View
Haa1p,GGCGCGGGG,TRANSFAC,MEME,View
Haa1p,GGCCAGGGG,TRANSFAC,MEME,View
Haa1p,AGCGAGGGG,TRANSFAC,MEME,View
Haa1p,SMGGSG,TRANSFAC,MEME,View
Haa1p,GAGGCG,TRANSFAC,MEME,View
Rox1p,TCTATTGTTTCCC,TRANSFAC,MEME,View
Rox1p,YYYATTGTTCTC,TRANSFAC,MEME,View
Rox1p,ACAAT,TRANSFAC,MEME,View
Arr1p,TGATTACTAATCA,TRANSFAC,MEME,View
Arr1p,TGATTAATAATCA,TRANSFAC,MEME,View
Oaf1p,"CGGN{3}TNRN{8,12}CCG",TRANSFAC,MEME,View
Oaf1p,CGGNNNTAA,TRANSFAC,MEME,View
Rtg3p,GTCAC,TRANSFAC,MEME,View
Rtg3p,GGTAC,TRANSFAC,MEME,View
Hap3p,TNATTGGT,TRANSFAC,MEME,View
Pdr3p,TCCGCGGA,TRANSFAC,MEME,View
Pdr3p,TCCGTGGA,TRANSFAC,MEME,View
Pdr3p,TCCACGGA,TRANSFAC,MEME,View
Pdr3p,TCCGCGCA,TRANSFAC,MEME,View
Pdr3p,TCCGCGGG,TRANSFAC,MEME,View
Pdr3p,TTCCGCGGAW,TRANSFAC,MEME,View
Reb1p,CCGGGTAA,TRANSFAC,MEME,View
Reb1p,TGTTACCCGT,TRANSFAC,MEME,View
Reb1p,CCGGGTGGAT,TRANSFAC,MEME,View
Nrg2p,MAGGGTCC,TRANSFAC,MEME,View
Tec1p,TTCTCACATTCTTC,TRANSFAC,MEME,View
Tec1p,CATTCT,TRANSFAC,MEME,View
Tec1p,CATTCC,TRANSFAC,MEME,View
Tec1p,CATTCTT,TRANSFAC,MEME,View
Tec1p,RMATTCYY,TRANSFAC,MEME,View
Tec1p,ACATTCTTACATTCTT,TRANSFAC,MEME,View
Tec1p,GAATGT,TRANSFAC,MEME,View
Tec1p,RGAATGT,TRANSFAC,MEME,View
Sip4p,TCCATTSRTCCGR,TRANSFAC,MEME,View
Sip4p,NCCDTYNVNCCGN,TRANSFAC,MEME,View
Sip4p,YCCNYTNRRCCGN,TRANSFAC,MEME,View
Zap1p,ACCYYNAAGGT,TRANSFAC,MEME,View
Zap1p,ACCGTCACTGC,TRANSFAC,MEME,View
Zap1p,TTCTTTATGGT,TRANSFAC,MEME,View
Zap1p,ATAACC,TRANSFAC,MEME,View
Zap1p,ACCTTNAAGGT,TRANSFAC,MEME,View
Zap1p,ACCTTGAAGGT,TRANSFAC,MEME,View
Mal63p,MGCN{9}MGS,TRANSFAC,MEME,View
Mal63p,CGGN{9}CGG,TRANSFAC,MEME,View
Mal63p,CGCN{9}CGC,TRANSFAC,MEME,View
Mal63p,CGGN{9}CGC,TRANSFAC,MEME,View